w1, w2, w3, w4, h4, d1, d2, d3, poisson, young, volume_frac
2.602571766646153, 2.401892357962396, 2.8344491003180683, 0.3034066904979432, 10.138884329346203, 0.8615315338453409, 0.5906998257512824, 1.4814404532828638, -0.14536727297220028, 0.27283589092632166, 0.16842789390953838
2.1451244417891324, 2.2722202146137778, 1.293717573861926, 1.0092897332749953, 10.451615154413659, 0.5679503659256374, 0.8189680464160474, 0.6294810777340334, -0.5262210522268396, 0.5696184328356468, 0.16616547238001658
2.5031306669346547, 1.6975361836227871, 0.6930021871784499, 0.8116329248653584, 10.12468955531314, 0.38388386720473144, 0.28547643717047644, 0.3669424579672001, -0.6347864877144332, 0.04528457409487386, 0.06318346528918482
1.0338681916226287, 1.2119702101664795, 2.1638221669277735, 0.45987545127150775, 7.714284898278793, 0.4990621261959851, 0.831853870327844, 0.5277759026735782, -0.34642572361980367, 1.1372688510719042, 0.1453672229166841
2.74380734282815, 1.0182677451385236, 1.9431731201590718, 0.656758806627119, 10.455210347563858, 0.44569434480100933, 0.5339053653678356, 0.33191484529076065, -0.47367070049295756, 0.22119075424477552, 0.09601537150330841
2.1626713237480777, 2.334833523179698, 0.554405234000926, 0.35456093417266255, 7.772892289273386, 0.9836810804206244, 0.38784059159008644, 1.2308576825019115, -0.3211266584192861, 0.16449975143206294, 0.11754550742858555
1.4077059366847684, 2.395063374931147, 0.7771807741927688, 0.42459789124538505, 7.822488866117474, 0.9584332525765289, 0.293875682495376, 0.6180445115973322, -0.534322958835097, 0.04757128068591899, 0.07971530496433843
1.2918968157748445, 1.9927670174971797, 2.1918347902199717, 1.0209776392153609, 8.524251796373939, 0.5815688327752973, 0.3855320420938876, 0.7233313275299755, -0.4512273028009742, 0.0831087449867699, 0.10830820947085158
1.6418869220000485, 1.3859555294241601, 0.51382662302958, 0.5483338551019714, 10.468688603026463, 0.5397952717438841, 0.34658433308799796, 0.27602515031282665, -0.8345537144357316, 0.05442434057356389, 0.07499964174508932
2.277264536236014, 1.2888424085622976, 1.1023241233168108, 1.1068209191986689, 8.936864493100945, 0.7369792846248762, 0.3661206102917177, 0.39070635722746094, -0.5121979230191623, 0.11711913179770583, 0.07074371850700117
2.5659893979400286, 0.712487042059708, 1.0623060600745036, 0.5193194112446007, 9.620434736161261, 0.7495114244864766, 0.6920821906895374, 0.6441854630476453, -0.6156523126756052, 0.589673497954599, 0.12969794267119142
2.5787840170799328, 1.9373249418987792, 1.267969719723716, 0.9307490870178244, 9.769706501880462, 0.36703990758165705, 0.7563105115979174, 1.119848317519395, -0.39640827250296085, 0.7446661237644874, 0.16804124137662485
1.3723272302445653, 2.4962534541024235, 1.6245521831062806, 0.4633515230180844, 9.024542626130032, 0.8799998356226535, 0.5211919116759864, 0.6313909192118123, -0.554921145427175, 0.15655001368024654, 0.12038241443224251
1.9731513633410946, 0.6107189801263349, 2.270172301625971, 1.087293907039235, 8.492091655552464, 0.7205956631433512, 0.42701889926727626, 1.2682188643320726, -0.3208945133582267, 0.12610121442338415, 0.13291731079370947
1.1165612588117733, 1.5135403571243102, 1.3440733720870812, 0.5467311582177676, 9.041855754148637, 0.5061186992198659, 0.27686273198182093, 1.4398165594289463, -0.7466284867512925, 0.036657914731397304, 0.15003596918249967
1.8676710032889248, 1.5529130344827997, 2.170801439628976, 1.0398930363064167, 7.153466957725377, 0.835398482883914, 0.7983496715156677, 0.21882148640656132, 0.0066862443751781854, 1.321561765597792, 0.09799094911635621
2.6393103194443097, 2.389639758106112, 2.6237401972820193, 0.6122199399524958, 7.937199359413022, 0.9445471072383953, 0.8292293156116739, 1.3235576391855866, 0.2127072430845019, 1.2183918311123136, 0.1667626094177831
1.1529381936731344, 0.9780367659316167, 2.91497875958427, 0.8494709358312478, 9.352289365469629, 0.837543728598527, 0.2371444347922568, 1.4309119193834174, -0.4402261470715129, 0.016300665299560514, 0.1439548744307831
1.6926773660600873, 2.0584306530534016, 2.53776143985847, 0.9038069097334921, 9.271365307112292, 0.8415792863178513, 0.7303900593877, 0.5843460742093296, -0.3240919290985706, 0.44556136302097743, 0.1464742053685768
2.1094132419660037, 0.8534695677356132, 1.3458699529038975, 1.0255681686151739, 9.766868514344955, 0.4531550233075341, 0.5926502357409842, 1.1100703864057748, -0.6064037300703334, 0.2956653479567697, 0.1531916394327709
1.3885571698229457, 1.6562007229324638, 2.346769627082904, 0.6897995150833729, 7.657586731584184, 0.5549683849460403, 0.5853925123656277, 1.2936079027333118, -0.2624143667647732, 0.3905828531087784, 0.1648349544467783
2.543968686602825, 1.3951624324201541, 1.8171424557357247, 1.0408664903907048, 9.82989774925601, 0.8058243188940635, 0.6349769624606132, 0.935203280356462, -0.39246002333325886, 0.4043815678057063, 0.14216518706452916
2.2659551769928323, 0.6864360218458135, 0.8659627968543961, 0.7106362925589158, 8.965071926834025, 0.7275466912309102, 0.3055977781020931, 0.3166820759249168, -0.6945013015345473, 0.07021836450008112, 0.05870940997250727
2.418250011369021, 1.228487275816513, 1.0843387561287472, 1.0355451779891804, 8.00454079999659, 0.9381196095178834, 0.6638131471377127, 0.7851032216510809, -0.31604788663580385, 0.8881489471677443, 0.119524365135876
2.773377880519095, 2.4502810358246867, 2.858829108215168, 1.0384602466406956, 9.964270264142247, 0.5442441301866466, 0.30651095679053525, 1.05244984639858, -0.0739012885652373, 0.046999885852197346, 0.1019811627130548
1.2272007268893956, 1.195540947982408, 0.9189455160463245, 1.1463293516571242, 8.220416099027513, 0.6981760923681287, 0.6691257799882051, 0.813791939304414, -0.6421218160184484, 0.4854560507748085, 0.14561672869778705
1.786610669905515, 1.6672586515092715, 2.6338456227280913, 0.703705110759557, 8.5912209645325, 0.6523189785538676, 0.28272203789587347, 0.6935878511338968, -0.23324976653180543, 0.04538803810872668, 0.08530172905069776
1.61533896384537, 0.714584947994759, 0.8739015225065853, 0.5264386824409588, 7.863067330618066, 0.38468059949510924, 0.7117280098841137, 0.25981848354263537, -0.6421356313240066, 1.0588915149033888, 0.09966787488388945
1.035160548711637, 1.532094701222359, 1.7545935257290708, 0.5129999118932351, 8.979804707853773, 0.3088158377747684, 0.7304653521775604, 0.25203573729905476, -0.5330448928733926, 0.6636844828936237, 0.1266587972270281
2.7108816179867645, 1.076606511445291, 2.1184309525635205, 1.0500710992108804, 9.127622764651026, 0.8029068276198357, 0.27942458588555835, 0.2977935047479329, -0.2620524035014643, 0.047438768941539776, 0.051698930877901145
2.7284185684848867, 0.6360375999304435, 1.8099292404603435, 1.1335002681267554, 9.820463347694814, 0.7342933827303226, 0.43891995576617154, 0.3312166317671145, -0.45299051474510815, 0.12000846147998166, 0.0764775212110544
1.7986974703784078, 1.277218479491309, 2.6787353219519483, 1.0586296054414164, 8.216288417040154, 0.4002219906867648, 0.4141486957087183, 0.3022356618377521, -0.10954059480543861, 0.13025992523453114, 0.07150484420999419
2.7787492405344114, 2.0016272429066353, 2.5802767774205346, 0.31234699111495834, 8.652163179617915, 0.9081531099029363, 0.3025487152923538, 0.7792064735889379, 0.046224954454160964, 0.07629436827255935, 0.07980012043182796
2.2057322395384245, 0.8699205467703455, 1.4466202297221458, 1.1357139909692489, 10.356888552381411, 0.5133366683214081, 0.3111862026006829, 0.37279699028119295, -0.6443019698685587, 0.042860944428742775, 0.07048208254927886
1.3400590753101258, 1.0865892388246339, 0.9698304928863516, 0.8074475914496878, 10.23654026566403, 0.5330098933297502, 0.8235005045978379, 1.141950813880015, -0.776592404709197, 0.5156682165512295, 0.21466390106998007
1.732779864305846, 0.697015082918795, 0.8774800409298709, 0.6775464574641936, 9.705152150691955, 0.5371730553545216, 0.5501741306897886, 1.0488020080360319, -0.7835456998432652, 0.23676116069168013, 0.1516245932484162
1.956017934277967, 2.338653414388314, 2.543890056671441, 0.37229520948361744, 8.646359162887826, 0.4262227947530027, 0.8261367803848996, 1.1250286968150658, -0.04425291170157512, 1.0503428361016334, 0.18339160051729791
1.5970723043682669, 1.2202264828422325, 2.374077284131686, 0.8408494134377125, 9.07453304291969, 0.648912448783604, 0.5201002070726712, 1.446138746078928, -0.41629486950026245, 0.2021824954253045, 0.17208415399407387
1.1289640986159482, 0.6649165138442619, 2.48404485514535, 0.8395876469501464, 9.645463057264687, 0.8013956767492476, 0.7114143657931162, 0.49778836775971724, -0.536469572461086, 0.3321229882466431, 0.1467406819347525
1.1991070149173813, 1.541352439702655, 1.1302475591777963, 0.8788154664725925, 8.120078277768801, 0.6010499191111482, 0.8144679913773387, 0.7803595189349579, -0.6186414387436692, 0.8423433084882013, 0.1625971866244072
2.331056164873476, 0.9078331671310439, 2.1272730446718446, 0.3696707935880701, 7.1681471131291286, 0.42494282550839957, 0.22469933800818082, 0.7930225054936573, 0.0071973736789674, 0.04958719122351842, 0.07061969724512891
2.701305051234094, 0.7513269762196909, 1.8708004534215417, 1.0328869113697885, 7.664428667076773, 0.46330199722379417, 0.2958685472961349, 1.1963343967160798, -0.0616485674142072, 0.07862497129493218, 0.09493752691676491
2.7414573294714617, 1.1121190647539074, 1.2105282695508919, 0.9616748240281722, 9.26697935246749, 0.8222142725667019, 0.7409177944555296, 0.8563705639144952, -0.40982525305102674, 0.8030578177504012, 0.14050186919950647
1.7432432075096247, 0.5936169579243429, 1.1491590633994533, 0.787473728528897, 9.53381855949138, 0.5621884908093341, 0.7035793672909947, 0.6400985290840779, -0.7095313158858092, 0.4866979565560243, 0.14304304848628818
2.753589722544847, 0.7033564546558371, 0.95989924252884, 1.1704155343051186, 7.94678388522687, 0.5259290957990694, 0.4424966327458688, 1.0388442464317151, -0.3089273362056259, 0.24248953860938594, 0.10200390523867099
2.5508409328643458, 1.4693057525306936, 2.21232237052807, 0.6699114868340742, 8.911994596991242, 0.8851470555876966, 0.7737052893328431, 0.8388309569941155, -0.1579558987022958, 0.9232099554688612, 0.14493943579989718
2.289268078257066, 0.8885143549787451, 2.314268480307083, 0.8898305121486292, 7.324949280599094, 0.49268949851118193, 0.4929774447838477, 0.35537544965645007, 0.06405281192872148, 0.28706802072555, 0.07002738825511187
2.468980493487228, 0.5279871420751441, 1.5453582663483791, 0.28690454209152527, 10.378741966665686, 0.9311150459304414, 0.3360943880216779, 0.9202668240472478, -0.6897907859492833, 0.06108833194694366, 0.10410100573775707
1.424628490972237, 0.8158644561100441, 0.7591487574115852, 0.46140312683686024, 7.66528785178035, 0.8293488352501028, 0.8186970281006498, 0.8924142850105747, -0.6897189575367035, 1.4459799626081349, 0.15828180089360103
1.4798522956748952, 2.016091154183542, 2.889176950617193, 1.005308603990307, 7.509148632385494, 0.9798527377084691, 0.4821857709790961, 0.6606279931426671, -0.05692720883400329, 0.16196896704167094, 0.1058044183930906
2.642746007407026, 0.793541907993899, 0.7340048111371537, 0.8350787125327473, 10.308315772607445, 0.9342283520904091, 0.23063228846655223, 0.5200758914072161, -0.7110964416246801, 0.023820962166292238, 0.06390396011003759
2.4761788124366433, 1.8766078993309518, 2.7726362744296456, 0.5230572644375006, 7.965681235073081, 0.785989334674541, 0.4619834893815034, 0.2922596476474417, 0.17233856922667756, 0.23537257827144378, 0.06907228643380221
1.3336802329687667, 0.6393904629858232, 1.916489543822597, 0.3374969871037611, 8.40232963668002, 0.33106193092305786, 0.7353247908133185, 0.3443951182317733, -0.5291021641425537, 0.7616224238701392, 0.11926775732959868
1.8579363829126276, 1.515801240849623, 1.3589525031798453, 0.36899918808138993, 8.365401174122937, 0.5041680099523695, 0.8283588971114786, 1.3564708590747583, -0.4583500656665596, 1.367197725660701, 0.191772421192818
1.891556182470952, 1.889155373501973, 2.8661948672780935, 0.7418923954454133, 9.509406206871263, 0.7563067885365349, 0.575228674940512, 0.9736206718893701, -0.24864123866545818, 0.2281585455029456, 0.14849174800314358
2.3466393511092396, 2.1765855945007844, 0.8225453633508641, 0.9466782688248893, 8.257571865676267, 0.4514519148126728, 0.3235954644428064, 1.097155796985491, -0.34191030927002647, 0.10400785285179086, 0.10321682712601614
1.9805067316315998, 2.2702919617294985, 1.9210294829933445, 0.8995398248030094, 7.055310152038689, 0.39675428128563106, 0.5494775761768611, 1.0894040207519027, -0.030862625788903274, 0.49862682763145066, 0.1294767378003121
2.3867151894587852, 1.4660266901261092, 2.8455903644187788, 0.8214325382379133, 8.166067742383131, 0.5193352614908834, 0.5053569202093586, 1.4616281542633105, 0.11272401489497437, 0.23699513602141625, 0.14232701536922832
1.6117113667779204, 1.4832539078469271, 1.4231380288024025, 0.6048938355869851, 10.459184896588127, 0.7424704583992789, 0.8046940086922016, 0.22848032629015214, -0.6793242992759337, 0.559314247557396, 0.14500119193624414
2.484257547772846, 1.5613677343325632, 0.7388038700094389, 1.1506169630309282, 7.289299848898573, 0.8643809991511329, 0.4447456201690345, 0.9503109658020412, -0.1773987748866251, 0.38581157287579027, 0.09892208324148669
2.369375739306043, 0.9429530887683127, 2.435920470645326, 1.0909459022574812, 9.315027740722634, 0.7652922829543423, 0.8025581732494251, 0.7477065610963027, -0.2248151923260102, 0.6553067027648384, 0.1486226458901365
2.215666971904576, 2.342130904951165, 2.6688983175000325, 1.1824976068096884, 10.128684951128978, 0.6507082519308031, 0.5089322001437122, 0.6971460781547218, -0.26356901282664674, 0.15015826221464704, 0.12222584046903648
2.0235583242316864, 1.051593826624437, 2.7050436053127047, 0.26199889162751044, 8.893919623106193, 0.4679600667993806, 0.20857917819574417, 0.4809695401584365, -0.2634795857470313, 0.020863093999251618, 0.058971164427057375
1.6529591576323104, 2.228046093647374, 2.7015704222642447, 0.484851145462725, 8.188531784451857, 0.8474193720516758, 0.6627262307012269, 0.5370991360237869, -0.1500891162712264, 0.4173885339468573, 0.12236042930162512
2.6863550343429963, 2.2066294056953066, 1.4021144501641927, 0.6194728751666019, 7.917302010972495, 0.7179109106154911, 0.47112902988986693, 1.1367983041431104, -0.06100544017875842, 0.4174477602893639, 0.11498975487076678
2.2933615551915794, 2.379372219856081, 2.226269584974718, 0.9171763734854311, 7.763139794376053, 0.3872075024058448, 0.45458158633132995, 1.1919841423280688, 0.021581676879110716, 0.2614248488426906, 0.12455853708903306
2.6193744443866094, 1.4771570028853078, 2.520930178984965, 0.44295327684205055, 10.47751016259394, 0.8927444194869525, 0.4563457688316393, 0.9407788237224508, -0.35026867459456357, 0.13302414011401106, 0.12156102080683923
2.492886010872685, 1.130714869656169, 2.8259027624342563, 0.3464891363896298, 7.026612877147163, 0.6365144891820004, 0.3548369111163717, 1.3625688890386447, 0.46540100552087843, 0.08420209801667083, 0.10977199970715447
2.5305554123739302, 0.7260573701222484, 1.6877829544226828, 0.8314565890947938, 8.66684733305211, 0.5767491648014024, 0.4258509302724188, 0.761417947675926, -0.38891934675375994, 0.1744785979377172, 0.09452720502973534
2.6821114324458293, 2.009566086074937, 0.8029788545757569, 0.3583450620766961, 9.435373180465632, 0.9950367700361324, 0.6406294188459102, 0.4550813369268825, -0.4441366044142424, 0.6101172844436331, 0.1101811978193291
1.3727052711116698, 1.8354205461010091, 1.8572268875380258, 0.7183947431172348, 9.115670911581102, 0.46407603067288533, 0.5409238160750727, 0.7579473369087053, -0.5640779904540512, 0.21442998878458597, 0.13511800922591646
1.4687471854530125, 2.250395574304355, 2.2308556014765517, 1.0145161440116848, 9.723921967788062, 0.5319952686907117, 0.7587661553478728, 1.3408848578741253, -0.4586945190962851, 0.41414264948161666, 0.2141837212002247
1.071959813073523, 1.2859256435820332, 1.7388379484941456, 0.29342614517437404, 10.22452470755465, 0.44463057734640926, 0.7001883057112506, 1.1791104515206288, -0.7415355550561765, 0.33317694892853666, 0.20763692983467763
1.2721821528288815, 1.990779555630301, 1.4353773423123957, 1.0527795447970327, 7.3793196177331595, 0.3952210828459091, 0.35984929411308025, 0.4524913874916584, -0.4725360747078388, 0.10439098900886727, 0.07662414393766084
1.406627011351511, 2.4995566173642416, 0.5791520747762955, 0.9407903012586831, 8.981994130108397, 0.9871553951878758, 0.25904038846996313, 0.604020834633637, -0.6862197010681116, 0.02003579599354009, 0.07916382626848645
1.1025554188775955, 1.7520789295906591, 1.3301220447678128, 0.9763808253211221, 10.046052542510964, 0.4056674980484311, 0.4012727785505902, 1.4276208539181614, -0.7524344532192527, 0.06057490161119644, 0.17397896783309988
1.768190181947335, 0.885321702172103, 1.012172159019968, 0.7527577623562781, 7.654478264380014, 0.7211629583702113, 0.4772732696379157, 1.2563506203242645, -0.5810232725329405, 0.3524723129898715, 0.13759425053736776
1.1650871502956452, 1.4789365368333185, 2.1699365545462634, 0.7459385720308156, 10.238854855527807, 0.8132651469914454, 0.515904727319509, 0.8871288125973, -0.6593901750171333, 0.12258808313666113, 0.15385133278221474
1.5797076605072902, 1.9781672560112, 1.7796520228900565, 0.40274920728610436, 9.417715017552494, 0.6032448457411868, 0.5401221407614597, 1.117834506473946, -0.5631966864565691, 0.22108566671823718, 0.15815123270556797
2.335493198401482, 1.9651339305052797, 1.8440886705103907, 0.9600236625817221, 7.834642126014223, 0.8463008682919251, 0.7660576724017303, 0.9683765309509531, -0.06925988519393955, 1.2348208551858555, 0.14452626079815672
1.6546150328824065, 1.9452135697899464, 2.449428507652929, 0.3813148403281402, 9.091674393206786, 0.7506175768104295, 0.5208052259456974, 0.5122169834685536, -0.36914981070090414, 0.20854626416709177, 0.10964602927095257
1.0074814009600785, 1.5787753655947872, 1.6411182262861117, 0.37163385428500256, 9.749235164350731, 0.6996502985597122, 0.7797337026149658, 0.43597773265690043, -0.7157895573589872, 0.4633583187713783, 0.1581951419672987
2.3156670846854337, 1.353740565804729, 0.5059355693256148, 0.7670511510921453, 10.349378329576698, 0.7608783794692362, 0.29720588184080354, 0.4508486389513089, -0.7558184881406752, 0.042090461113517635, 0.07266157599617146
1.862595330318926, 0.8985906387376174, 1.5901641547452168, 0.38191589597396347, 8.463995734476239, 0.7967479263622901, 0.3133735859627123, 0.30969338493071447, -0.5749525001741691, 0.09102781234411342, 0.06009777106170077
2.6755902900382607, 2.0636015677529054, 0.5319097848548096, 0.7513867125730914, 9.322099903555323, 0.47057407789905903, 0.5589366368617588, 0.6190006419926697, -0.45370316895320556, 0.3809977309226185, 0.10647903082179255
2.524349232164317, 1.3924203953961451, 2.0142261169424103, 0.5625818470244764, 7.517363879466043, 0.7701177038211889, 0.3350507500170349, 0.25494662025729564, -0.007087288247984522, 0.1603017476566304, 0.04960474259904004
1.1825411563921593, 0.7962371054765137, 2.789604849518238, 0.6686997900061368, 8.783347736712098, 0.36756668774213436, 0.5791089601850974, 0.2111609169328266, -0.33115935475518543, 0.24131267211767968, 0.09542634207817173
1.0113485118005097, 1.8674425770020973, 2.577182310117483, 0.8433347135954742, 9.248659502540727, 0.6358265706603492, 0.6222063337635477, 1.4549775595598267, -0.5066428840553363, 0.2142271885808728, 0.20864915503625525
1.7843555163693587, 2.137638748605595, 2.140023573237025, 1.1287266304004282, 10.41833007209799, 0.6770211575545763, 0.2611902462463339, 0.4518382960639628, -0.528702050625926, 0.021314655455658846, 0.07401361124721006
2.596201087214987, 0.9097466341745901, 2.7430985132828765, 0.7006687280257475, 8.20367002424109, 0.7287815360738313, 0.6420075107189032, 0.7747000064862306, 0.13778404438816258, 0.38188829104930405, 0.11292732867557788
2.5001877090533817, 1.4995296331595658, 1.8935275522325323, 1.0597980579604498, 8.078105069603296, 0.8011894716781074, 0.409747624777429, 1.4110759075034933, -0.13197173244559085, 0.2088443413512075, 0.12616765458806184
1.5764854429812194, 1.518501614897194, 2.545664511056661, 0.8473052463909839, 9.920569112004177, 0.9640968224453164, 0.5621352378546953, 1.403245060606824, -0.4752967629658252, 0.18006477701958792, 0.18406363151196273
2.6571564335636486, 1.7484097493698292, 1.8756881435301342, 0.8033605615576472, 8.753417092047467, 0.5246941318249712, 0.4613969631590299, 1.4062036394463757, -0.18749112089125836, 0.26950750045442906, 0.13355902669456554
1.619915597940011, 1.3428185366961305, 2.336936615940678, 0.6942011501076046, 7.586533419360844, 0.903748104444335, 0.6849929356087094, 1.0373092368893557, -0.1829373234734342, 0.6591099613607467, 0.1504650731642323
2.283244173915265, 1.4111418346023488, 2.7142636576705157, 0.27745942187166833, 7.64628953235921, 0.3619604260813684, 0.7162907251286399, 0.9583742149473549, 0.17144835977878473, 0.7887365716499027, 0.13430088797118514
1.6430618153085148, 1.0351381596649043, 1.2061466920741009, 0.44150418457420043, 8.775280167206345, 0.33789359696581683, 0.7282536158307691, 0.36315291527572446, -0.6297104215744618, 0.8363829995418998, 0.12137547442814593
1.4480117101907206, 0.7297765465204019, 1.8996384281404275, 0.5342278889658245, 9.85674807585902, 0.3762095666684775, 0.384601666665501, 1.0055399735921384, -0.6918671667938723, 0.07879054709604659, 0.13222117334633368
1.570791979640302, 1.3960007827521284, 0.6403973514132743, 0.43858246766527414, 7.650915427969958, 0.8190444198320028, 0.8230328368378876, 1.4388954261565563, -0.6165645002242943, 1.4158682292643077, 0.19143663364113309
2.141436425689131, 2.2957076318569696, 1.5659324865589985, 0.8692132360104986, 8.346049975969091, 0.5663710790000971, 0.2607180186078685, 0.9117246248423838, -0.293577828394582, 0.05083232461458523, 0.09026301271660486
1.778744009311886, 1.027919075358846, 1.539683488520786, 0.691213448483196, 10.193378937805246, 0.3170322094483076, 0.7205977549325941, 1.0173752643043539, -0.6584971550622274, 0.4559678460246737, 0.17984321487596389
1.2605772333452607, 2.112370737703107, 2.2406004961300017, 0.49839345697692633, 9.240098340068126, 0.4204589040943831, 0.4959813513028773, 1.1548385028706423, -0.5302756286534399, 0.13956589078875925, 0.16154408652753774
2.2333282227310702, 1.4489006748099387, 1.4380809531357264, 0.8805706392824231, 9.154204480238594, 0.5726614760771662, 0.7333349770887052, 1.4564246457099965, -0.44239510352145806, 0.7526722926311605, 0.18380512659328815
1.8196948174258505, 1.6307891637445044, 1.025118535910691, 1.0375136245223067, 7.272496288815856, 0.5542894058360429, 0.2641917379356961, 0.6572353462445404, -0.4007102983371911, 0.08019771038640795, 0.07333855508084525
1.9626770185993236, 1.413044944380231, 1.3139762712247594, 0.815903342824502, 10.34013685532397, 0.42839058916686107, 0.35107472717574006, 1.2435294955731948, -0.678278908840057, 0.06360976133159796, 0.1354196039866656
2.5356030675053995, 1.3637672883979128, 1.6356611129388918, 0.5666634277765991, 8.741255633881144, 0.7282485215793362, 0.6065400151885645, 1.2709448619939263, -0.3171695706202559, 0.5888091190587933, 0.14625905948661966
2.3220948359211, 0.8719377818873133, 1.6018830782386244, 0.39218872878576505, 8.261681086326004, 0.39485340530758517, 0.4186362824142311, 1.1054171687316678, -0.4026216502329194, 0.23138109157102205, 0.11486986392861581
1.4513264794571548, 1.2422200574400266, 1.7292170956720545, 0.5686428630257441, 8.931336741184348, 0.5776136501560454, 0.782393655583931, 1.3380905843961082, -0.5684857113159291, 0.7443585790785532, 0.2034573614109104
2.2942841029281587, 2.482880590990039, 1.2994823320290652, 0.8223996746227882, 7.376108002372805, 0.574620185942285, 0.5642329865181539, 0.30716227030322607, -0.03959051418014584, 0.5765646354232162, 0.07751784876527382
2.275537776984967, 1.3612232791881564, 1.4203440088696495, 0.5507545611889262, 9.914454107250837, 0.9031989282439803, 0.5562121032276296, 1.1769476960560092, -0.5881047518810099, 0.29140190602249694, 0.15152144649808177
2.6898738113920944, 1.4903040852126646, 1.7565656337404651, 0.510958061263853, 9.427819951866974, 0.709394821109602, 0.5611096924272744, 0.9961860246393675, -0.343712426962985, 0.3955873907183812, 0.12976739910111065
1.9189848940373657, 1.4152373741042834, 2.9594257641814514, 0.5180328193905717, 7.633979388605121, 0.7756060973758153, 0.5700383922992793, 1.392215726164101, 0.12282545961762448, 0.31432404762576144, 0.15278063095771358
2.571111175049645, 1.871745295802985, 2.6270041460204943, 0.5051241115182128, 7.409243300243759, 0.6480863198988625, 0.44761756318831947, 0.5080666517742314, 0.2788779251726708, 0.2764447375726321, 0.07592825145373354
1.950460667745196, 2.479293451503411, 2.4461015326133957, 0.30688605612404407, 9.468734785765356, 0.618540479895098, 0.3692878791518173, 1.0432805448723248, -0.315554064620354, 0.07549983971884612, 0.12239160664961674
2.432727128022291, 1.046710278577394, 2.768948703441949, 1.0612619520913424, 9.216951786736303, 0.5144561737131383, 0.7098330981264809, 1.3419941076505193, -0.10591773898530739, 0.4298445732136974, 0.16741483886289643
2.046901594325016, 1.7410779706654151, 1.0082928276673295, 0.3353154891738509, 10.012861108773006, 0.7144705176412216, 0.21320617235401668, 1.2518673106745009, -0.6682466602265863, 0.022283292116902116, 0.11215396663072169
2.0325388291724784, 1.2988482660365537, 1.3634892435106996, 0.2641990579638347, 9.877428987050761, 0.6904178110374912, 0.23122043447139248, 0.599916099599303, -0.6759092687337245, 0.028970201419963027, 0.07426724146134803
2.0591025948735684, 0.6280135367807668, 0.9764820532285585, 0.6930766362727463, 10.409040932480982, 0.4297594951375301, 0.4894725477103676, 0.6890753910840348, -0.7789225115848066, 0.14766820701126546, 0.11956077474023914
2.3035817614762735, 2.3001039689514804, 1.5008777173147791, 0.8673440003069629, 9.778785869474751, 0.8291441973146809, 0.4866745043384398, 1.4768297011242173, -0.4472298999552498, 0.17669363189634174, 0.15643851188156987
2.377731922184216, 2.214200057027403, 2.1078246687978357, 1.0956619983396436, 9.128666918103248, 0.5714606627255343, 0.5243605052510294, 1.2356890450145268, -0.21170985461340486, 0.2655560359658545, 0.14323082553637506
1.7032967368559326, 0.8196353679401311, 1.3411116384002382, 0.41459274206809305, 8.804060040602128, 0.9964727111646892, 0.2987653292003922, 1.3342262390307238, -0.7143831607373404, 0.06539453811183853, 0.13064170385769103
1.6373981009476095, 1.3468333043345195, 2.525633932805326, 0.39491346868433463, 10.030539638665346, 0.8470997323110656, 0.2636975204761199, 0.38795551492679176, -0.5263802524825573, 0.026441441553854625, 0.06875272233053692
1.3818547790589406, 1.704425063790776, 0.6191637519432986, 0.9674898899456514, 7.197006113066575, 0.6636560008260828, 0.4397824842460346, 0.4951959726327288, -0.5868819551224653, 0.21624273628988672, 0.08305316696045338
2.6171693552745614, 0.5336431805231668, 0.8358152127283089, 0.9627352149628178, 9.659609925031903, 0.45370250726068984, 0.20263272501061538, 0.46573639988209165, -0.6577405811439242, 0.01973170546192296, 0.054386510283511595
2.177587311654406, 1.589697098873623, 0.5168322772539014, 1.0565546571456421, 9.306217246644918, 0.4449741281260001, 0.8213586864518645, 0.46702724966487646, -0.5457507008102245, 0.918461378430231, 0.135807375532313
1.2465751618054532, 1.0741953346453512, 1.793663233800638, 0.870834902374707, 9.718140231020158, 0.49831190458130004, 0.5011663590496167, 0.7218178171519016, -0.6702828937855182, 0.1492187793845674, 0.132543138370238
1.3033692671659765, 1.4816209866270618, 1.6610512206005732, 1.1270772959314428, 9.886453246776837, 0.5579776665359637, 0.412512582680078, 0.8251891071736259, -0.6665812143515119, 0.07696246192573927, 0.12718866287032143
1.4712409997909597, 1.902739672020189, 0.6693188742146198, 0.6824471727068411, 9.42054329473962, 0.629963046015607, 0.6845324210888315, 1.4239538790683717, -0.7328629019215406, 0.3423362233863413, 0.1978555914496246
1.8650805662701524, 0.94710771651678, 0.582509958041364, 0.5986534485574686, 7.493618488175892, 0.3257226001301436, 0.7051812686118413, 1.264399784833417, -0.5732654335979243, 1.2167318699279746, 0.15788532488921192
1.944295410385445, 0.8285749504757389, 1.775188760309709, 0.2843698741419053, 10.354366242119312, 0.9857567814616492, 0.6860638583575177, 1.2803775504290005, -0.6692690480834064, 0.39494503618622945, 0.1879131842816423
1.1603097126238924, 1.5060479301262615, 1.0150544452179084, 0.49637124720222187, 7.582537542822387, 0.3753835655532521, 0.3765454740327969, 1.065419582554288, -0.6753761099776308, 0.14424559275341395, 0.12691608907844057
2.392628271572444, 2.2344672909176193, 1.2551505519407617, 0.39140422977233347, 8.870003614449038, 0.6071081438461907, 0.5380682357968707, 1.3017102340773417, -0.3349095021550624, 0.383275113298258, 0.14470589727570768
2.213807949075936, 1.6282719652780613, 2.054209414895574, 0.8965431814301527, 8.016549998416494, 0.42682772054349416, 0.6180420970217384, 1.2867347928951, -0.12463038261998838, 0.6298485238421515, 0.15017788751727493
1.8751733023550448, 1.3914494856843471, 2.1122347077665244, 0.6022209702188978, 9.397073971080715, 0.3571386132472073, 0.4323848441171328, 0.7981002600959421, -0.46270992184530335, 0.1440397595344244, 0.11535115224964101
2.7246251898660656, 2.238495513304267, 2.5572552604472727, 0.40561674540180703, 7.576342505433926, 0.8103154655816334, 0.41260539545452846, 1.452011970457001, 0.271627375156716, 0.2318683017632633, 0.12138469953424647
1.8408909078892424, 1.7245014092008122, 2.753223098833848, 1.063544677959233, 7.795962026019087, 0.42566381755243743, 0.35047114149342184, 0.679490640136226, 0.000989886048011091, 0.09199356568401124, 0.08836778345139465
2.7959621875915333, 2.2855316577352887, 2.949147671956476, 0.5644613201943729, 8.884948437040423, 0.5471584680828692, 0.7803433694791098, 1.0834373880041706, 0.1640891349597505, 0.8246961849068427, 0.15711644638100553
1.7735493122878858, 0.6880613271449809, 1.75873532785959, 0.9196582813912557, 7.332636405542314, 0.7832182477643033, 0.2724671124517213, 1.3513255351999844, -0.36653102388711306, 0.07042388172459943, 0.11954726587297046
1.3010060053074333, 1.5491820189470187, 1.9781076026869049, 1.1296515010907795, 9.757917033643036, 0.9374795839077128, 0.2788327945521466, 1.1893085652262498, -0.6340362418169156, 0.02567699616952518, 0.13204653809196315
1.179631818960812, 0.7623732131288605, 2.185994028310927, 0.41969592097391245, 9.534295625258524, 0.9485153725819755, 0.4635401527990252, 0.6536506598876388, -0.6604068541473546, 0.12067181490590324, 0.12020767734822585
1.5676775907321656, 1.682447399782747, 1.071041428177009, 0.9457819189261011, 9.671939610232624, 0.3317091455460345, 0.25506679654070885, 0.9174023719186049, -0.7070491743613129, 0.026712019484833045, 0.10409345303225565
2.7899827190738136, 0.92653441059081, 2.39362959279606, 0.2667530568264343, 9.167176211973224, 0.4909767794323443, 0.3498802049926453, 1.4858806119364512, -0.18714560256593304, 0.08642540891358715, 0.12047793064120924
2.6070332181651095, 1.535393250026765, 2.2426092957210546, 0.5089728862030445, 8.612579008021676, 0.9824961624984545, 0.3868703190860007, 0.5602718466209344, -0.1297079920944692, 0.1555815602182752, 0.07900938166989363
1.1417397845344863, 0.8387880445728639, 1.6498811302129326, 0.9615770675718291, 7.873058057932979, 0.3853225924085853, 0.46066474085988507, 0.32786187970058234, -0.5416653172474803, 0.2148237655748403, 0.08233258646694594
1.9639138063642172, 2.289123146480959, 2.249750990075677, 1.1084826746898087, 8.946117179092623, 0.44660994697849454, 0.785931608701711, 1.176039928012286, -0.1918295158879423, 0.752275622074891, 0.184527418403718
1.3380370721117367, 1.8259604812355514, 0.6107280436379217, 0.2896836803573074, 8.327881190970789, 0.8921381195987028, 0.22593990783315995, 1.0250610787664873, -0.7232691118018412, 0.029691470497406565, 0.10523078482452547
1.911390446751432, 0.5603778110707418, 0.5458796748060882, 1.113779482613164, 7.359044283004735, 0.4665207396111374, 0.719099869624463, 0.8358320724649666, -0.46462123939821093, 1.0211957326430652, 0.1265953207106213
2.555508999302268, 2.332736047475163, 0.9269729520175201, 0.48114410379229855, 7.098528778639704, 0.7189482436229915, 0.27599646114117365, 0.492658348077111, 0.019444671831880703, 0.12619713393381732, 0.056107606339792254
1.0548215268990782, 0.6321275582124289, 2.252406820374223, 0.9350401267897241, 9.80933688782558, 0.9320183494621399, 0.4345331680419747, 1.0884845501551625, -0.6530493417033595, 0.07755143665207624, 0.1531395086881821
2.1028331547324814, 0.9250674159383586, 0.5272023747363926, 0.6213307094436333, 9.822689765973882, 0.3214694107198481, 0.3829704890232879, 0.3343192841113457, -0.7866819461000057, 0.09764100064441786, 0.07647023656667443
2.1278091966671147, 0.616926732063695, 1.3262297024165097, 0.4044787393802179, 8.570514389739495, 0.5423628110300786, 0.5669655702495927, 0.7682907707162778, -0.5852076699843376, 0.4458622151130417, 0.11762871299331891
1.2639511600070334, 1.1416017004461834, 2.824315841817949, 0.7941814092452684, 8.065219139194065, 0.8311319591267374, 0.46624028486270597, 1.2994174020043014, -0.22943786108902212, 0.14281815065120956, 0.15555221920280018
2.599733563061516, 0.508157837707175, 1.4650563555543388, 0.5143661039285665, 7.10528967461851, 0.9732426825787155, 0.6088441813354106, 0.4751675485475605, -0.10179705547778818, 0.8248205329597801, 0.08283958457686821
1.190466679475223, 2.481686867486225, 2.8025333773901857, 0.472607925369508, 9.581738232554462, 0.8424756759847836, 0.7975448264239271, 0.5451658648129439, -0.43468310717226216, 0.36461984941484815, 0.16846542832259728
2.353372941629615, 1.159462314292999, 1.0673628553979682, 1.0095418948701116, 8.293928165489143, 0.9061559598241584, 0.31838358856196514, 1.2327892555575328, -0.45912430544592986, 0.10349076366147072, 0.11028136817811174
2.0249734484188884, 0.5752330053946374, 1.0433495644297233, 0.4950546770335905, 10.19692722603368, 0.4510261771477524, 0.39472369765589244, 1.2617893954288228, -0.7952245637958674, 0.08949319448972318, 0.14010027542040915
1.5275413605126271, 0.6950260115436819, 0.5110034980026575, 0.8999132116636487, 7.689914696437414, 0.9282486059516089, 0.7505788731106078, 1.319556035422992, -0.6549180196798297, 0.9756166376459722, 0.17547844270680799
2.2169989317984964, 1.3508274819200525, 2.3517535226579094, 0.5374795409681616, 7.326632370408962, 0.9929671938136477, 0.6481218484828509, 0.6115404990723473, 0.08202034196196939, 0.7429754569057587, 0.10431032162930932
1.185049053514306, 2.454251018356249, 2.0443098959539645, 1.0893148268459, 8.381542239766018, 0.6153837892281661, 0.6364327812701367, 0.9046651591686041, -0.4786779797733855, 0.25159796935308054, 0.1572377844390576
1.9011565872416591, 1.892357523628854, 1.7255428679706288, 1.0270838253295822, 9.549199071558597, 0.8364274978090567, 0.3175214446659886, 0.9033866207229377, -0.5198160629990547, 0.0524876874162729, 0.10640792479054653
1.538085390914949, 0.6998763864695848, 1.0386160320999234, 0.9443655318343445, 8.149565077132666, 0.40619241274203705, 0.34372366676369615, 1.418809149741593, -0.6704598173621849, 0.1027643220684575, 0.141294786981598
2.070796891542724, 2.181453822459663, 1.5195985509449401, 1.0226904827609158, 7.613323207428832, 0.6281328713539395, 0.6802157662320314, 0.6319773283326917, -0.1663016513947789, 0.8329544134059362, 0.1163231973553775
1.9525895179462773, 1.9410033568316238, 1.0401934619044904, 1.0062929176281226, 8.845911653287407, 0.33565645877673417, 0.5584489552547287, 1.484102396915935, -0.502885878959025, 0.3158678663026374, 0.16690982042962788
2.2633807595879856, 1.0532758453904159, 1.4935091624148416, 0.28116495700669786, 8.468834041588426, 0.3101390522543494, 0.5330159052540446, 1.2022860011861696, -0.4387185994463795, 0.4550653555763119, 0.13701331200281858
2.3111830142130794, 1.0427934088779012, 1.049697378876311, 0.25992096630675365, 10.120457553912043, 0.6494780301723704, 0.3167951754592018, 0.42182743525502997, -0.7210284232716755, 0.06451705060857814, 0.07336734328840976
2.528091242220862, 1.4355061482907547, 1.980864455129429, 0.6952635723460214, 8.712921056808057, 0.5496468641411398, 0.3738168010041656, 1.3301531533719468, -0.24553152780595358, 0.14284436354407906, 0.12124262153127346
2.430270732592094, 2.1502290548675598, 2.107485145305904, 1.1597978647343583, 8.373558631659971, 0.3404890042107622, 0.7965064830265676, 0.6169890610099369, -0.0013236154588434045, 1.1965163161920511, 0.13438106855999649
2.3953363090618867, 1.839487135652123, 1.7863612622950185, 0.8385652330649813, 9.367840434067418, 0.7221841229286259, 0.444001297199736, 0.8983526980799492, -0.37012350784912795, 0.18079804840920705, 0.1142830922830035
2.78309806452341, 1.398901751931587, 0.8349528707915743, 0.9148820700658048, 9.085926026487302, 0.48987691280054657, 0.6173044636378465, 1.3986560044338994, -0.4191903445158008, 0.5471081176464239, 0.14967338074668077
2.307467974914525, 1.6504303460746061, 1.0694214696121003, 0.6650457995605836, 9.559409516759903, 0.4133084331566119, 0.3317616150825826, 1.4074756489075608, -0.572472001140859, 0.08310274967766154, 0.12977755642539704
2.7221346777342155, 1.281776521741222, 1.2969862470750357, 0.6968560485024562, 9.63564931520724, 0.6419179354023, 0.7044485284228201, 0.45822460785177216, -0.4513730868712887, 0.706151456639267, 0.11991584017509012
1.1427189743972785, 0.805320005982566, 1.4862207077709473, 0.552540013286819, 8.320313736640943, 0.48881646618712327, 0.27509438714602086, 1.2777351916247106, -0.7208685192238993, 0.05008261407711053, 0.13408412997741834
1.123354764780145, 1.7141805336974862, 2.6503881299287713, 0.9987078973983451, 9.946529665143682, 0.36917041349036683, 0.3375254935692228, 0.8702325322634994, -0.5222650266586766, 0.03752609215446581, 0.1239566650701454
1.2560165979990054, 1.244510764107146, 1.7822982275272408, 0.7224745716895378, 9.691362658923728, 0.6862406932609018, 0.4210286141707378, 1.426852438148126, -0.6941698359501116, 0.0926070368689333, 0.17055387976390193
1.1942031710256722, 2.13863013083054, 2.1772607221160207, 1.176919384916947, 9.318306571875514, 0.8623157295732167, 0.5512905766116327, 0.9704307383993502, -0.5428107069429746, 0.14877607540056392, 0.15763387416038313
1.0701453270211636, 2.3814270398821, 2.2898502472731677, 0.5162350542988063, 8.156994689788561, 0.3422275160278119, 0.3028071970040794, 1.495715648979452, -0.4528996898308806, 0.04038266065765565, 0.15612091866838454
2.2062256899288695, 2.101750078018071, 0.786182679284501, 0.8555692483783064, 9.062410551899125, 0.8098374300971571, 0.228882665231886, 0.47011354754377777, -0.5462611632435681, 0.029142000802727563, 0.05974471813518903
1.9355707783843341, 1.2579813668510884, 2.796379358365456, 0.48663056832538576, 9.93215714655697, 0.31215302890021884, 0.5021480422776479, 0.23869254352598535, -0.32984108367575965, 0.1640849256489767, 0.08991191115426772
2.6276563273814055, 1.1752059415849543, 2.1930805075313797, 0.797850331127836, 10.330660976921752, 0.5347647724430667, 0.3270216868981716, 0.654615174867688, -0.42496292687764253, 0.05557191123394053, 0.08560136473795865
1.3060136542212741, 2.3972204236933172, 2.1459033941128434, 0.48578303570442305, 7.090393046826265, 0.6912903820931134, 0.5319955725656536, 0.667740469253011, -0.23372794506683164, 0.2635189867456751, 0.11116928473173175
1.8949688416833095, 2.3176446790240552, 1.3940731978772867, 1.028389247409571, 7.8701591764093415, 0.966289472478554, 0.5081728089253192, 0.8627884577659779, -0.31454280660044404, 0.26084939160372245, 0.11556322707838262
2.1143012031927393, 2.114104458954861, 1.0194785856518234, 0.5289385067475261, 7.008117677547486, 0.5342606376112199, 0.6822122537754443, 0.4736567742695708, -0.12675067413392235, 1.3125072228423678, 0.09812616602648631
1.1691897986144173, 1.5555096687550805, 2.218452441779149, 0.9296429417152123, 10.464792638531634, 0.5232363697056563, 0.39274889152856646, 0.7644308964451103, -0.6480734123842953, 0.054458238474750995, 0.12659550917553133
2.1822923474368596, 1.9728497980320656, 0.6341621490776997, 1.1604194163892982, 7.149984970791629, 0.36940692221069465, 0.5370771497767111, 0.37416510869732333, -0.17641350566931654, 0.572517189769125, 0.07503947546705604
1.5550977629546796, 2.0954849634001755, 2.3805992316534264, 0.5301088939176417, 10.302542802835344, 0.9204522742229968, 0.27844044471892077, 0.9275132537985804, -0.5556394283078048, 0.024604148156799448, 0.11207964905122936
1.9370977571133245, 1.4726375215523138, 2.4051763039447374, 0.383546694185784, 9.281229310119135, 0.7077163994204867, 0.8068092673897187, 0.2946061311411426, -0.30377502210759527, 0.8242650714241233, 0.1304358715552371
2.0751865924951405, 0.6523008562738886, 2.2732682982905232, 0.723532597220614, 9.362976468299788, 0.5598838503234675, 0.4057955428233727, 1.3822044688072168, -0.4558445426198007, 0.10061981302551196, 0.14071275292124483
1.7114990623430155, 2.226541299315082, 0.651544763656206, 0.8026135279575529, 7.802684087133976, 0.5292157242209141, 0.6877739037595998, 0.8398232140602613, -0.4754523020047244, 0.5700966941352126, 0.1346782986909966
2.6940409332709105, 0.9367876336804529, 1.8031402303460644, 0.37343700132902136, 7.428733796423056, 0.31639001385555954, 0.7878960012134264, 0.7817438778878423, 0.036045658037180774, 1.597783177067658, 0.12034946845917148
2.65533813304942, 0.5545866462232475, 0.9497962810586795, 0.3933890874748495, 7.890592513998746, 0.7747119276728152, 0.26473413755173725, 0.4607094645166332, -0.4390567602976157, 0.08613110814446447, 0.05495829919891548
2.6694972018942065, 0.9562354516749376, 0.550753020104202, 0.7251753647934458, 7.440051588010162, 0.9398137584712973, 0.2738544655493209, 0.6883395069059806, -0.3849800065133348, 0.10911058504477363, 0.06681370486228844
1.1037556970040054, 0.6136729555738918, 0.8462389144471006, 0.877772260996212, 9.939079842151788, 0.7642721434179753, 0.2226572695557924, 0.8213364041486308, -0.8739619139798824, 0.01563060246148283, 0.10024390970858804
2.699385477983906, 1.253667943633806, 2.149735638762712, 0.6846773736049805, 7.971266332861053, 0.5203115449229921, 0.3085012091122201, 0.4394591664068166, -0.01830032725356001, 0.09708481205232657, 0.05830751504836371
2.5252518232765206, 2.1577108181358464, 0.9792764907001792, 0.3056207265995455, 7.686328186210291, 0.7714255082463284, 0.7621275547208817, 0.6484817531041127, -0.1006516629143984, 1.7456831646271904, 0.1195111014514987
2.6665806081041445, 1.9162927030138144, 1.7906513638880814, 0.9773196327103343, 8.856762156346417, 0.7738008271495642, 0.5957779271625918, 0.4469704895344955, -0.1754780871014018, 0.5277346067919718, 0.09980469754445949
2.1996874796733863, 1.8805753581050169, 1.5048466191103946, 0.3473785662644884, 10.03948625344399, 0.6658007008240217, 0.3104745374419239, 1.1524331373470011, -0.5616080594397448, 0.05830295717109875, 0.11796993824944366
2.6369064444614123, 2.3535800390149557, 2.463406055479883, 0.3745801007188707, 9.13266222094367, 0.8911388520273404, 0.40213879117043927, 0.7434118302442094, -0.07935769022339717, 0.13993552764121953, 0.09537602796437568
1.774605294219092, 0.8919468046777159, 1.0741764967677683, 0.9801884537158853, 8.517161376216668, 0.7469347581797063, 0.6768648581700727, 1.123388135965581, -0.5874764717138398, 0.6097518606895871, 0.15947885275556473
2.793050808437238, 1.7394330187875033, 0.9047560013323063, 0.398522221333391, 7.473062091525919, 0.4586976142962378, 0.41540910924002505, 0.42869882434550943, -0.09141236827964674, 0.44701555662323594, 0.0666165305301547
1.5472740871294608, 2.145409382129146, 2.5418164630007625, 0.5731577628424366, 7.265185874610699, 0.37287032120877006, 0.25962981720727824, 0.2592411279049401, -0.07978091202401857, 0.04725910293168727, 0.048939909866930975
1.0314832023052927, 0.8084464798526847, 0.6900831809860641, 0.893050924637346, 9.40967447949578, 0.7314086721712423, 0.379888454822755, 0.33318717226670136, -0.855760565503435, 0.06807587092966641, 0.08305840936285676
2.3100583676912017, 1.2477674434540782, 0.5673073753048519, 0.7070297770503537, 7.915923989222856, 0.3630464402313991, 0.8001388398805596, 1.4355156424016442, -0.4348969773178274, 1.6130609014813455, 0.1710928545848583
2.6463834463254523, 1.6812204004987163, 2.0054648880869, 0.4487642713546838, 10.112623654515573, 0.660130487253713, 0.24750035936588086, 0.4255959307879208, -0.3986913825365525, 0.034281759584898694, 0.06086537368450081
2.148800881131601, 1.5666722773134647, 2.0456079229870867, 0.34175574048944735, 8.034812747948365, 0.3977133350886679, 0.5418675636043966, 0.34291275777495156, -0.16971034092765272, 0.5086420331403888, 0.08492903901802493
2.4492306962045194, 1.0945710403940658, 1.3728212484101074, 0.3153573691932391, 7.485315408625718, 0.5308646908763851, 0.3910940976547351, 0.43528441955584296, -0.2536037719711018, 0.31060932649057243, 0.0667097202660807
2.1217146161658076, 1.3559308535150194, 2.6071873452619028, 0.351550953384762, 9.120666598176605, 0.33492084778958287, 0.7753370888108368, 0.40038623999176787, -0.1821127131262989, 0.7675443114524005, 0.12795498760626287
1.8394585115456636, 0.6749563653790314, 0.7924406682523548, 0.7096180948889352, 8.536088979153355, 0.6571117139866394, 0.4583387652410784, 0.39531716783995813, -0.7183960874196123, 0.22868154206000468, 0.08370552141233929
2.7988784854592623, 0.667546126653307, 2.4934935345669915, 1.0686648728868593, 8.280035464807726, 0.8447845492380763, 0.5104941055950449, 0.5049947692259377, 0.0854719135374717, 0.19085523223076512, 0.08125370406123693
2.23783425871772, 1.8205896671721225, 0.5375094766622502, 0.7812754382560892, 9.565394856342708, 0.6273591814153647, 0.21515657286671802, 1.078179140239899, -0.629477815309603, 0.024853256009715618, 0.09646598001214443
1.3616041451387142, 1.536141458432076, 1.339707892117692, 0.8228255888358359, 7.178692682596354, 0.3551485606185801, 0.7257602276462987, 1.1668984763628696, -0.3750598464715999, 1.2026755147141677, 0.16605397259125312
2.4043720662379235, 1.8544306789841416, 2.5925944480597343, 1.1167006436088398, 10.184101819534101, 0.3901229820762997, 0.5744918262253966, 0.42457771958256785, -0.2402164760440024, 0.2479323711554221, 0.11183052588647115
1.9129140158275217, 1.3188530339642583, 2.793702602364228, 0.25577651873919094, 7.610513277916788, 0.973559591336993, 0.5686504954655887, 1.2968700760388727, 0.05906481563754938, 0.34503433049026766, 0.14586779176068376
2.3843315948846837, 1.0291953989221776, 0.581487732617594, 0.9052772394708756, 8.25508628705978, 0.9844276148297344, 0.5772188165322174, 1.2259638483334834, -0.517358142367235, 0.526453149957132, 0.13707655065925792
2.193180630331235, 1.4099505843590188, 0.5191399449751247, 1.1715621921392674, 8.010638058593635, 0.857118671857747, 0.47361148140184617, 1.3752829440939598, -0.4538264282116816, 0.29473223694976214, 0.13544729748799
2.3388744472526914, 2.197687927874253, 0.6741793863245564, 0.6113124469878408, 9.649639800130986, 0.916013682103801, 0.8163698998218236, 0.8322697588216625, -0.5251279103187223, 0.7987222941664416, 0.16093743646517397
1.9964412639578857, 1.3067179405073905, 0.6871115041015372, 0.388050194629632, 9.01095413275239, 0.4405534781242817, 0.5964094715071624, 0.6099932237453936, -0.6728513775467088, 0.48252301430498384, 0.11870490619796328
1.4170724150692946, 2.0650458274514483, 0.5612645027974813, 1.1381296303490138, 8.83049836753231, 0.5175457115917148, 0.44929744690694773, 1.457897333409699, -0.684397434509079, 0.10707510677516117, 0.16290240759641164
1.5262102960020207, 1.2485736510495435, 2.0302248631387982, 0.5956772860321696, 8.673536485408981, 0.8491917124738337, 0.7692820562355447, 0.9545658679956173, -0.46106207655613574, 0.7331177167942404, 0.170080540105846
1.4525173958508069, 2.23378680330878, 1.4166570348600187, 0.7196137219583801, 9.994949267327687, 0.8378132621614034, 0.45081031223466633, 0.9234892511764534, -0.679281291296757, 0.08921315486741725, 0.1375078516957001
1.0665852021421538, 0.8334134986798172, 0.5700689903673487, 0.4961943871067533, 8.337810629776545, 0.37037017725777555, 0.22324369197395794, 0.4916682026518579, -0.8682256885466371, 0.030700641795119638, 0.0691839630274626
1.9760107588141054, 2.2097171966555447, 1.5153651020775105, 1.1220872965947886, 8.19428771055923, 0.7423688470481258, 0.8010722912255852, 0.38387945518078237, -0.2649652600222893, 0.9810755261737982, 0.12133244699653005
1.1136452338525913, 1.7364515611782805, 2.3164580654282574, 0.8189583885746563, 9.003612484634637, 0.393723901968082, 0.39949633704970955, 1.4333017408845221, -0.5243098944642259, 0.0809894773318783, 0.16852042076643556
1.771510204847078, 2.204278321097658, 1.2783000578899366, 0.8903976848331014, 8.309051002773845, 0.8907708535434593, 0.2747156242236395, 1.3010509168260007, -0.4739787451405687, 0.04584662916778, 0.12147840832360089
1.8302749692859783, 1.1960823736230104, 1.2049662356524262, 0.42259273903198813, 9.898283625550857, 0.6057361668272028, 0.574087036557355, 0.24620664792937122, -0.7044113703880177, 0.30843014806189867, 0.1018334029900143
2.1975861954893396, 1.1424463540517678, 1.8229390545181376, 0.9750113522256112, 9.522983356625886, 0.6464919453131326, 0.6381062779352532, 0.8424271949546802, -0.45207043386126095, 0.41015468017819295, 0.14024007838670513
1.045451508469958, 0.7203675487233344, 2.213849182508797, 0.4621607029867779, 9.258008863187051, 0.41862315258742455, 0.8383249396227965, 0.8887373308366842, -0.5702424454591635, 0.6939425370020843, 0.19326923851975608
1.9100822585252846, 2.2662042618376965, 2.629456172469062, 1.031405840775896, 7.44154986609854, 0.7980435535775706, 0.7211193969573955, 0.23669849936844725, 0.07920008002104208, 0.6960749309952736, 0.09759014712748466
1.666182022518286, 1.367954734053553, 0.7307464147334775, 0.3792652732477634, 9.482975485421077, 0.4757992807507705, 0.42095908309205776, 0.48322316697831974, -0.7714379732970841, 0.13474483231956094, 0.09495428033682402
1.0170573394689675, 0.9610525876753937, 1.5742215110903337, 0.9180200779481494, 9.38215454881114, 0.761798489628329, 0.3428350139637001, 1.2145435085404046, -0.7457667561580906, 0.05168237683965654, 0.14710243905537937
2.230244359790181, 0.5761291775025286, 1.989993072744984, 0.7281895486992433, 8.434003655100359, 0.4969315719024698, 0.706663302700691, 1.374120535504347, -0.3275045429828463, 0.6327778356299384, 0.16362108274624915
1.0928655293733702, 2.3586595804435753, 1.5082263199170218, 0.9080215828572974, 7.28304255320826, 0.8076778042225934, 0.3735079053269772, 0.669795361888557, -0.48257114986657335, 0.08348877116465543, 0.09591589756237226
1.5074069141453936, 0.5238762904772395, 1.7834631365286342, 0.6853655824281106, 7.2095173579741685, 0.7040753712814385, 0.8224985416834405, 0.37789478748865635, -0.34522517565193384, 1.3770989055081426, 0.11216058315898408
1.369153785784035, 1.2550798199883517, 2.77078289905131, 0.6385836227758312, 7.309498150961298, 0.31807085932246715, 0.4025272811587617, 1.1674581135710624, -0.05608129542093592, 0.13570985718589607, 0.13173479766883248
1.5395321020464352, 1.815835254323285, 0.6807886664463086, 0.7597126034190503, 7.298099058788857, 0.3604676386792166, 0.4078065597875048, 0.3570738577317709, -0.5383175830954636, 0.20679316940783976, 0.06942600915921503
1.237049639108165, 2.4779959286191557, 1.849362957620768, 0.5653876442379802, 10.168078583415767, 0.46851882164558256, 0.5574272890856877, 1.1823967693339854, -0.6527284378270879, 0.12875616522077413, 0.18112859177163046
1.801344436856799, 1.5620977432194525, 1.8823108875320154, 0.670383616223805, 10.253387915072093, 0.47467925916374243, 0.7268183118205049, 0.5253144677824932, -0.5570695420151965, 0.46575055015661904, 0.15007174970158302
1.8695503568826473, 1.1737430351120108, 2.6168535412356455, 0.8622250407890143, 8.01497955909765, 0.5081153900691305, 0.7626012491238761, 0.9768143194262362, -0.06706834204252522, 0.7463648060081021, 0.15409571720607346
2.201067612680961, 2.3372759548366515, 0.9521569775653909, 0.45430733484046293, 8.334259834164616, 0.5954334356099207, 0.7347615972952994, 0.8413048256229816, -0.3170784124653908, 0.8880559931662768, 0.13964369467561483
2.697814111723448, 1.5050832433124395, 2.355153083815902, 0.8302026113537821, 7.990020910654351, 0.7007103431721415, 0.6631479461915365, 1.0303832914942213, 0.10300780667539947, 0.7220773733851041, 0.12912842722740606
2.074357143185404, 0.5629180417895452, 2.885207850392387, 0.6553623577170082, 7.559468496496009, 0.4541073963080429, 0.3123058148290393, 0.4160381072485481, 0.1072447625585137, 0.04900090332691463, 0.0585724518141069
1.5113352602600032, 0.6410885365102833, 1.6632392798345654, 0.4977105362138713, 10.099511173090645, 0.32206739718310645, 0.3200311786439975, 0.87552341347057, -0.7586457198945749, 0.046482438481034644, 0.11371354646689724
1.5612607906438365, 0.9667065369192164, 2.2925614583295144, 0.6108062112845574, 9.623632497685374, 0.8773019512230842, 0.5062975333564328, 0.43873109230126384, -0.544726730164828, 0.16651828444531552, 0.10587071173227741
2.483192221424215, 1.2253733056853124, 1.2313102431992222, 0.7800108029452725, 10.261391739861978, 0.7387983610491928, 0.6960438122522661, 0.6495590048731477, -0.5855336804053459, 0.4995519931250215, 0.1399626330548199
1.6758851732969875, 2.1592896368571495, 2.835034612314724, 0.9327079157662056, 7.7473178125249795, 0.5912639184818468, 0.6203905772565793, 0.5223487246163312, -0.02041988844425907, 0.3767110170326354, 0.11304389540662668
2.486309796622002, 0.9709088281161758, 1.305082075289536, 0.993179740173871, 9.066320309227358, 0.583820475327913, 0.5713516888013019, 1.3161110528563558, -0.46630345411013135, 0.37457900861035137, 0.14653288853522098
2.065105074514574, 1.1069362241180325, 1.4764821442901868, 0.5564027227865219, 8.683666812110726, 0.38261337527294903, 0.6054948933037729, 0.6044088028170564, -0.49012447881284116, 0.5517236764400499, 0.11534802170615877
2.5771367657761397, 0.7444355943684078, 1.5432720570199898, 0.6037705717674254, 10.042937935655669, 0.37895320390147164, 0.2910083933518314, 0.8540555373547265, -0.606321229674357, 0.04588222706068783, 0.09057881435364834
1.4553568522825286, 1.852039891678887, 1.271103255672268, 0.5773392910605673, 9.328061624645878, 0.3152061703420918, 0.4313266811374621, 1.3173246165423658, -0.6734468024428085, 0.11675974982621305, 0.1574186628687494
2.521809349098933, 0.8654616302632987, 2.1838602776299494, 1.0827323467432408, 10.388708986408993, 0.3770368918861147, 0.5665986345774569, 0.22427667890740927, -0.4326282542695396, 0.21265526682389818, 0.09470358789927559
2.1116908703477564, 2.0276584548083765, 0.6750548736257147, 0.7893446169194913, 8.897853795690121, 0.575542854591611, 0.8092495734188228, 1.315286910899303, -0.5042198400724353, 0.8982759328219014, 0.18339528951924877
1.8832719579421002, 2.372669139583475, 0.9345336523823038, 0.3765255238715663, 7.3990544589764635, 0.6740790648567991, 0.6510311550779664, 1.1008433313861317, -0.25339031134803264, 0.6645634591690732, 0.14152545011456824
2.4627741086580848, 1.5001096467954926, 0.8151026532433018, 0.25448429641583964, 8.506783427667836, 0.3456742351489766, 0.24879269037779117, 0.9160199521232619, -0.4847287357681267, 0.0689329980475106, 0.08477711881743744
1.9279457870275567, 1.8110170922107878, 1.6126020286356273, 0.52600040321159, 9.889872180305204, 0.5020055023502569, 0.7081558107180062, 0.3515623001918292, -0.5328494760054452, 0.5302845116450793, 0.12912441185217177
1.050830522114564, 1.2051827123869467, 2.3797610708291, 0.4482129651620129, 9.437524327503473, 0.5447557527897804, 0.4537605746551024, 1.1358142420799107, -0.592250879066871, 0.11180411956668401, 0.15835511805358693
1.244165306354791, 2.320118408221408, 1.1148895711441247, 0.28874165926446727, 8.449552872814897, 0.9471211072945049, 0.2410894973269735, 1.3964466356513225, -0.6273337440797885, 0.024915835269756666, 0.1353180557997257
1.2139617787064372, 0.8369574834725853, 1.5546133706791392, 1.0339032529299677, 9.449191762791182, 0.8511916121680299, 0.5143847697940185, 1.1916204455478256, -0.7029498427170832, 0.15781082105013192, 0.16600581661070465
1.4457155287780918, 0.6256154629355657, 2.3671153475106355, 0.48841378789995943, 9.054412533664038, 0.4780139489124552, 0.7404034432601645, 1.094834923132788, -0.4753752164777507, 0.5233162701320688, 0.17999037472229248
1.970632335075282, 2.015517086602915, 2.6754224533796815, 1.1013353745010073, 10.292313877330749, 0.7432392601653001, 0.6311414806110041, 0.8477141757920683, -0.3477220560564503, 0.24702380482605055, 0.1555639235560375
2.6494490912496644, 1.1332450484011845, 2.318664539548311, 0.5005025549501745, 7.811365653127222, 0.8944788696663406, 0.6272475527261683, 0.9716997928187638, 0.09817302561263583, 0.5987235577701392, 0.11932659311030874
1.8425173612973171, 2.081218433385668, 1.7721408104210101, 0.592163414806901, 7.78131485181897, 0.3856946063734299, 0.5655538946368335, 1.395594130601198, -0.26407843294619526, 0.4591542259051228, 0.158642011104125
2.0123371252005056, 0.6682417547916534, 2.376933213920418, 0.5609875096774348, 9.013271073328182, 0.30792290346140244, 0.6308155474051873, 0.6060237592109248, -0.3572310023568981, 0.37669942191331446, 0.11993637206585844
2.705103505577442, 1.6134370997621825, 1.9917348633272365, 0.31753842063168974, 8.0200479957943, 0.5284461294068582, 0.664387847868235, 0.45963912957005754, 0.009435794925211013, 1.0321530673595134, 0.09966145578655414
2.5399157129326015, 2.1473372463170595, 2.9391603066849203, 0.5541443658621464, 7.390560782056521, 0.6161681856182726, 0.3407799122090138, 1.1098913932301062, 0.36181278550324053, 0.10693028488163911, 0.09953898610212492
1.330804046658272, 0.918000293329662, 2.7034240948228674, 1.071118679744057, 9.883917240125498, 0.6561808728934698, 0.5028732763209803, 0.2802289078865881, -0.45766912296725787, 0.12057340210010492, 0.09877025384412264
2.4712424949530982, 0.8788827769914236, 1.0324492962668428, 1.1114151066211133, 8.606422825917052, 0.5847886973111867, 0.75954159063648, 1.393582321235288, -0.41289617433445963, 0.9081713457493347, 0.1671166305038787
1.748424475518588, 2.1542678682112273, 2.2835472509305723, 0.45334895100979933, 7.845070948045999, 0.8399604374180902, 0.7199516199387936, 1.1081635274155779, -0.1717547878348989, 0.6854598671715482, 0.16154020682137343
1.2245278609958568, 2.1825362731560563, 0.8998107613760864, 0.27277391727057926, 10.265240172117576, 0.936747686809698, 0.3478645052239638, 1.0347192340573956, -0.8024429052098487, 0.03825487283232304, 0.1344990432994382
2.051610900635618, 0.9819108706595122, 1.2078952650530552, 0.8546628771791686, 7.39830422380602, 0.4122164517679835, 0.23212289198632438, 1.239427146283077, -0.43117547371457116, 0.061960636013053114, 0.1036325215472607
2.5753070140201837, 0.7014450311446607, 0.5747835177334503, 0.8582503676358437, 7.8859010895855075, 0.9980058551577897, 0.5553185037797044, 1.3209334264176464, -0.4624981089102676, 0.5212256862426813, 0.1318001806817483
2.594596993030999, 0.6700531220667532, 2.7562687044658962, 0.9561508621721024, 9.89219112643169, 0.3299045583039446, 0.8057406677904793, 0.9011394391407666, -0.21372168906191433, 0.48586059660653524, 0.1576704011412221
1.2410469387385987, 0.8470019560990689, 1.74120808614166, 0.7357934927016969, 8.270525564302947, 0.6046216229494114, 0.2835765014236224, 0.4873356526085844, -0.6190154341348425, 0.052968180494712615, 0.07451785286291851
1.3252267254836367, 1.5861224351050043, 1.4798542488827628, 0.33964622577166514, 10.255678410419682, 0.5813032707553131, 0.8352754327283278, 0.5090804103149461, -0.7112576933167293, 0.5784737819172752, 0.17391590565540696
1.631016558298385, 1.206921742016282, 1.74913215256406, 0.5097381435597832, 10.06205275887724, 0.6791291762147829, 0.6599604419005243, 0.23313359629597863, -0.6393004843869459, 0.3765375122168544, 0.11776727363452665
2.5671797029689354, 1.1508575852424534, 2.465236437415967, 1.1036768073508907, 9.83185970517106, 0.7119208474955014, 0.495678469265427, 0.8568055750828898, -0.2748148530567266, 0.16347579686720412, 0.11741491262495402
2.131270045345891, 2.0188663226439827, 1.4724270597065168, 0.5972154481918893, 7.370505819186566, 0.6950285676528933, 0.22195772481054485, 1.2880427400333951, -0.18845020261108714, 0.056252124021618395, 0.10443225586059271
1.4622989202480987, 0.7790422354196715, 2.3716403745497114, 0.3481325429986472, 7.030265648808217, 0.37155439771884174, 0.8339086504831847, 0.24740602452286817, -0.07832366420982549, 1.3188206913097122, 0.10254479978302697
1.1571020222650785, 1.502963292338256, 0.7449005426573077, 0.601476493907085, 9.578680613497683, 0.7445626887352663, 0.33286292363982417, 0.6843590775315695, -0.843694773942906, 0.045547951587909905, 0.10375884989247425
2.6723222885628433, 1.0578614328743563, 1.6513182717555184, 0.3710582020812264, 9.799925799656277, 0.8186704521656609, 0.3893902538388313, 0.5229636191550867, -0.5014230068934573, 0.12579019885835133, 0.08349951556592713
2.7642088175430737, 1.9130745494572445, 1.2528769541434577, 0.7775310195867907, 10.438878092953662, 0.7238143050393664, 0.3778767544924888, 0.9529983789516305, -0.5055306630233598, 0.0957414901548194, 0.1084270604251651
1.7189359382823506, 1.4946639560539174, 1.945867532197829, 0.7450863912331744, 7.595586946758061, 0.8860974973137448, 0.26683322324629966, 1.3041813415234498, -0.3177875003984156, 0.062413564425699224, 0.11942895162777858
1.6953034602326322, 2.0694625767315546, 1.66729108740324, 1.0471160905318895, 9.58391684715353, 0.4324278616909581, 0.8475792431547648, 0.6522528887587318, -0.4351134706950126, 0.8144511426067892, 0.17093857999905596
2.4208498694159832, 0.9169237229343797, 2.965404423290671, 1.0552607117341237, 8.186475280224203, 0.6253048233501309, 0.374938931755753, 1.137627307588144, 0.13190735254528338, 0.07330283755345231, 0.10799721865492756
1.8054758357645224, 0.9142717641169524, 2.7845105504390553, 0.5813658640780084, 7.6788635967898555, 0.6209227420393866, 0.8240589080897291, 1.0031183958088254, 0.01983164417753194, 0.8411497379726764, 0.1571397470551892
1.501389607932006, 1.6473378534962595, 2.395404659265214, 0.49280550228440445, 10.246312067501961, 0.9159026742681553, 0.4368940917639821, 0.41272051741612714, -0.5704723475104796, 0.08962834271228116, 0.10042944962653565
1.4152183975913708, 0.7894939164986987, 1.236925518181578, 1.168737054279438, 10.337187864080043, 0.7603903296871325, 0.516630227660924, 0.20621041267514534, -0.7401481858347152, 0.1361160352337668, 0.09679773225652752
1.4040691338974969, 2.19031471536968, 1.4535566804625895, 0.38538010784704724, 10.486033114019783, 0.463048277747348, 0.2583536814196107, 1.3071663629943562, -0.7114408816483425, 0.020196169348413458, 0.1381923496813397
2.788515626973116, 2.4180026377744706, 2.9643377408748783, 0.4105009087799187, 9.629121928868978, 0.6719055619590559, 0.5467725806784425, 0.614811756955016, 0.025297012092451464, 0.2625090793766821, 0.10969253063347423
1.0160851146375913, 1.0644977236323587, 2.4562147394438973, 1.1391767473444583, 7.340208537603567, 0.9328598852035646, 0.5984082703087843, 1.1949322948681966, -0.26758888195396613, 0.32155145022936216, 0.16389265242047257
2.130195855032306, 0.8037458158339271, 2.088663667989769, 0.8365458770361828, 9.302698452396877, 0.8595098465866595, 0.48055947758827794, 0.5016685560594634, -0.45311599178106304, 0.1764801847432661, 0.09595424125145655
1.1733929052303589, 1.04087960676379, 1.634464153698008, 0.5722946289835951, 9.783801605309542, 0.6216389365019929, 0.3710009153373282, 0.8808224770041626, -0.7559753074158897, 0.06693543087657275, 0.12630756060534623
1.1320731943617324, 1.847044562207083, 1.444559586598904, 0.5996916084633886, 8.35670479009666, 0.9991300131532661, 0.5885217238532342, 0.8153942793871656, -0.6458690305905488, 0.2786017079716243, 0.14056356062326814
1.0261987386406934, 1.98639495182905, 2.591780454680157, 0.8793618747887527, 9.779939901012003, 0.8305491217148426, 0.310737582370754, 1.0642770391926335, -0.5639122017056312, 0.027663661751178875, 0.13456296674135956
2.7678824753624474, 1.1372846352068826, 1.9410970795146039, 0.9358041263823388, 10.465093773156958, 0.5313243909184239, 0.5873633076815812, 1.148235321754888, -0.4363860550290157, 0.2687070419357286, 0.1472412862589408
1.6488203866173268, 1.8568761149365574, 1.826325829160711, 0.31413767189741126, 9.526691996786145, 0.6412580262040066, 0.270411169523179, 1.1506731436407314, -0.5781661360969105, 0.036841952856492645, 0.12045450245816028
2.736727384540913, 1.7227104587733906, 2.7916825788799495, 0.7211294984559341, 7.254819016307481, 0.9489102855186047, 0.5134663602717552, 0.771669017387733, 0.4358017014338172, 0.3105928437065103, 0.09307971706963145
1.1122491766872862, 1.895608132069364, 0.9663465618627871, 0.3784570273130048, 8.086270971656344, 0.7453170477715394, 0.5729648643675409, 1.1939380934709478, -0.6930413592871704, 0.28980788456122053, 0.16375135990427225
1.136111752687449, 2.260236740515687, 1.9112497320290833, 0.7507613246004805, 8.095508255900453, 0.9108177538438871, 0.5489109230866731, 0.5863172505660517, -0.4980901417682633, 0.20558475400417436, 0.11712685281454469
1.202645717472011, 1.8289090198260012, 1.7471020852296135, 0.9593514734927359, 7.137882967114803, 0.8437750477210257, 0.3607971368492352, 0.8657910311387433, -0.43209493660536236, 0.10734050474694115, 0.10735126336265238
2.2557159583722575, 0.9415779919936151, 0.7673818487812687, 0.6371346877912887, 8.418215403815896, 0.6813059235354972, 0.5847410660677785, 0.23019808020922014, -0.5809852130290569, 0.5811606068714473, 0.08268193818628788
1.5026040086434918, 1.2512052576682953, 2.9041969383213706, 0.8872959451918313, 10.018831299985647, 0.8718666058794999, 0.6498059663570077, 0.454432319661217, -0.3900325627876336, 0.24310208374895703, 0.13415796043380396
2.451033584805247, 0.986430978968202, 2.641631057629079, 1.169460689626593, 10.109650452276659, 0.34767410755413247, 0.6427833819822065, 0.2842157245082638, -0.2686538874266892, 0.28635389986554644, 0.1073225843556429
1.64454133019415, 0.7653127348767935, 1.1057271354635438, 0.4509005874245383, 9.273765838409439, 0.822187546641791, 0.6728534350351869, 1.010858971265939, -0.7457412583266725, 0.4949834862917176, 0.16413124945931487
1.449831956290146, 1.9839447859258026, 0.8918046364138912, 1.1104015934189744, 8.022621108600873, 0.6663943190102068, 0.8128103683217436, 0.7355977083943861, -0.537491122972215, 0.7662266024239204, 0.15015995381778338
1.8989735084755721, 2.2191680148783828, 2.6088753941964455, 0.47010600974926064, 8.056818529070513, 0.6946894937608857, 0.2873474100447005, 0.6731975205765731, -0.0954718287080704, 0.05416619543911957, 0.08098319992801407
2.4247296588108442, 1.3737587657011958, 1.4881794937524107, 1.0206716096717896, 9.870659351999366, 0.5781981952169832, 0.5341673206559927, 1.2892234600532275, -0.4976240578768135, 0.24952361459145633, 0.15014833941764663
1.7555424490994906, 1.7548873059308048, 1.1644709596428977, 0.7646743232014305, 8.721126003793529, 0.6469084361681668, 0.49011386180256833, 1.0807497156008712, -0.5767399768135419, 0.23214917873914653, 0.1375937844294822
1.669766664215049, 1.2866695895707512, 2.851711856674961, 0.8179931962904365, 7.621996469125859, 0.8166163687353172, 0.22529459634024535, 1.3252336059505079, -0.040469682342742355, 0.02592667645733007, 0.11717835030329297
2.491696022494396, 0.8827129629889237, 0.7354079688742744, 0.7745536710410188, 10.432004208918663, 0.5613657365724567, 0.7291457705699755, 0.7777995764511543, -0.6930364852897231, 0.49335050104133193, 0.15255985414725728
1.0105741783384314, 1.8984213995844281, 1.115022264532708, 0.8525392457015891, 9.685986264406637, 0.5906368251227336, 0.5349603105322684, 0.3393035832775425, -0.7690865136687679, 0.13364807419020525, 0.10997947806870798
1.0581710498744337, 1.4934071606529349, 2.488799186376582, 0.32059806689428516, 8.147423637550991, 0.34543814074066365, 0.43318540452173676, 1.1870613701840995, -0.41418428413178554, 0.13730986361353056, 0.150321835183031
2.097898996752949, 1.1164392789300925, 1.3850828995406208, 0.7742965218394785, 9.359591816671282, 0.7938054064127629, 0.4728319853360459, 1.3638567418152303, -0.5966881892937016, 0.1982654996889787, 0.14948395785409957
1.2208678797174126, 0.8602727993062365, 1.2513724231498078, 0.29449793669104074, 7.900234414887166, 0.5413564267015603, 0.3650713021311772, 0.2564048479910715, -0.7199177978365637, 0.14850354393590368, 0.06456781278189737
1.4978582681707877, 1.4517911684429299, 0.6969401196021181, 0.9779072522396564, 7.785710063169597, 0.4860946914388982, 0.7651782270936032, 1.4898838197993252, -0.5731958585452904, 0.9255934829525976, 0.19147436760747952
1.542127048189541, 1.4260166793917683, 1.1667966465164579, 0.25158910762786335, 10.074373452105187, 0.5225015555192725, 0.6293378189956358, 0.28153853977045556, -0.7418266243834667, 0.33707736079284, 0.1181262303177209
2.152813759453675, 1.4323790141071782, 2.075805647675483, 1.12064552221113, 7.386802230816085, 0.4604678771475378, 0.24175402496219356, 0.3150418105979316, -0.05765050022733198, 0.05637475990229279, 0.04605915795298642
1.8813774288924838, 2.20322171262775, 1.2588219673862437, 0.5830452101358417, 7.0573929464520955, 0.4037705398862795, 0.8103598639530905, 1.0260392658104063, -0.11393369909565573, 1.844773860516008, 0.15253990417469596
2.7316513473084343, 2.004282204371739, 1.9355935548239378, 0.41185311030612537, 9.113731503588417, 0.9725432258305275, 0.5310043286568173, 0.8453208205107656, -0.1914751683714047, 0.37426695589035813, 0.11545565404987429
1.8006375504267709, 2.120496151817247, 1.1764138610842056, 0.4019956098627597, 9.01963272373078, 0.906429267095286, 0.3617354890076291, 0.8185167363920791, -0.5806161296560011, 0.08793732986577696, 0.10476896653548465
2.2586308809234543, 0.6159559040052726, 1.262941841764781, 1.1589656179780903, 8.503480611350138, 0.9601995091682227, 0.4402198677164344, 0.26703373895233157, -0.4896968468621422, 0.18664757092230216, 0.06773469074149034
2.0539913920306976, 0.7534328958732203, 2.5581586430766454, 0.9500573894288105, 9.174308601018485, 0.6325558064722113, 0.8428083015243051, 0.26368364927879917, -0.24767865729617813, 0.7127069634234622, 0.12540055051533272
1.029250973004731, 1.4404759719745648, 0.8419146207948622, 0.8089899816871741, 9.603251721984392, 0.43848748402391513, 0.49424867990233556, 0.5990028546608606, -0.8168207663957001, 0.1240300767392031, 0.12351454877629293
1.9946357827619408, 2.410467574505776, 1.1557552973600735, 0.8606885549601573, 10.10679440640548, 0.5646630739702463, 0.2964155479315439, 0.8677900717434022, -0.5858751261427881, 0.035927585715978205, 0.10184346325680962
2.0794084152799432, 1.643809895298859, 2.9190155087978877, 0.296882140970134, 7.279540925389314, 0.8767303603117378, 0.5840469285111944, 0.596064073974957, 0.25667001832371406, 0.3912800379809681, 0.09871282673673704
1.2679583766988558, 2.2971528802134786, 0.7412012715786945, 0.26354448052927776, 9.49882402922156, 0.6317457788422389, 0.7398718846554511, 0.36627303495063884, -0.7230230003339444, 0.3575611969179883, 0.13554609037884802
1.1672764930919366, 2.3220048974420475, 1.5367347326315353, 0.5703923006163854, 9.734386056187262, 0.8162809784127911, 0.4314268173999764, 1.0214024112132996, -0.6938436306062479, 0.07317928242674339, 0.14547810402000322
1.570270032781627, 1.6941940684364674, 2.780047380806244, 0.9136812425624758, 8.10962135432014, 0.5694968636192703, 0.506961887962734, 1.4102106825567644, -0.13905710617851524, 0.20729512103733688, 0.16256250230762817
1.3934409352824817, 1.8070828508386823, 2.516804088107579, 0.6093965949407695, 7.5382121111559295, 0.3024316396142433, 0.4604230011557389, 1.3873989075538486, -0.1590948566723753, 0.2150429993137406, 0.1561255473781341
1.8611867690709278, 1.7097213716158, 2.398569363489033, 0.27428850589375414, 8.363544611700126, 0.3233645256430856, 0.38408219220828593, 0.9126985914083654, -0.22672878837978097, 0.13847293847480643, 0.11026237173377013
2.0333794640863023, 2.1286263865785546, 1.3992313497640279, 0.6406394700319373, 9.340007767054898, 0.8499369494895677, 0.4415101016206898, 0.8646109400325686, -0.5121054596361325, 0.14960597730917202, 0.11725442492388538
2.356257278629151, 1.626005322661033, 1.1203364571285928, 0.7683449426550241, 10.180787073363437, 0.8590291348426358, 0.24280847327556906, 1.2254133385792456, -0.6423050793267986, 0.02750674300354425, 0.10923600284193526
1.8967996887475655, 0.798147629562333, 1.9507192730598295, 1.1128228620521927, 10.333638454617248, 0.4911900647296043, 0.4702803684291078, 0.40377716367227856, -0.5894769198105042, 0.1160196430817241, 0.09921053744328674
2.6831286601061186, 1.3743775004995331, 0.5979578217816132, 0.9949284691470272, 9.752391745891662, 0.9118847636058973, 0.8196360758909826, 0.9560937919256993, -0.5279681517663318, 0.891561581176252, 0.16187137678745786
2.44801317904383, 1.7341921494043409, 1.7882314211044898, 0.49390527366553416, 9.71555757942458, 0.8088169233796263, 0.36246617730877684, 0.6366782880229875, -0.4361281405909855, 0.10217204117644026, 0.08949195696957758
1.8273350827718873, 0.6070980561891233, 0.6147651365356018, 0.7263632695139954, 7.117417166150512, 0.9475991876733216, 0.5901681871730604, 0.7889481614438305, -0.5917649401487672, 0.7778570733361616, 0.1123341036336933
2.300379261432831, 0.541385570852144, 2.6105433857337728, 0.7701053399780182, 7.4035348387027975, 0.7819129234709703, 0.43523591704572795, 0.7430870163293464, 0.15550519208403052, 0.13184301899999873, 0.08726855208704365
2.6002763823106037, 2.461684887149346, 0.9538621304801134, 1.0047416360858654, 8.485574925125126, 0.9702754842006189, 0.6015236114963087, 1.4175197426995951, -0.2178031357136978, 0.48065673931685665, 0.14708634718655958
2.176786045229628, 2.4155269032003464, 2.4400606701666856, 0.9655294379489076, 9.627702914450252, 0.8641616462038144, 0.25709478374791184, 0.5860635207022038, -0.2885406965025509, 0.027558866533272726, 0.07505009664222598
1.523463544450726, 0.9553823670416741, 2.0256200507765403, 0.9281430691018263, 7.832687106832076, 0.6451501955758936, 0.8300294644248818, 1.3784320767582212, -0.3174254427459444, 1.075542018393761, 0.19371569919487228
1.8089622867984205, 1.9467494071047984, 0.7284863528532335, 0.42027322323280325, 9.454533983811967, 0.9456144656994387, 0.2509226613799178, 1.246867862773076, -0.7013809128946454, 0.03048621667567387, 0.11908415543381125
2.5980157622479574, 0.5244898962143384, 2.4539060138880586, 0.9392894589086375, 8.09202554960016, 0.7172729396915216, 0.5705665453253456, 1.4122404511704494, 0.030402527306094905, 0.2638303249065379, 0.13633659970771986
2.081589819676206, 1.6998265353306954, 2.195077646255959, 0.6874874310701479, 8.041136580487493, 0.6292330028920159, 0.38820809377017107, 0.5736563307065177, -0.16995141341254216, 0.1658882750217943, 0.08336813644462382
1.8032212717103007, 2.464669028596063, 0.799503229439209, 0.8659425477595339, 7.616599686538539, 0.6783770406406604, 0.21922336410644466, 1.066472242244991, -0.3776707050942232, 0.02854097892243571, 0.09624269578489475
2.610601976360991, 0.7607728773256404, 2.46763306471183, 1.0297657343528357, 10.221573441699945, 0.7247273490216684, 0.39530765054732064, 0.8096007206136517, -0.38140979956343235, 0.07187501859514231, 0.10197948623128468
2.167299208611972, 2.3997138226041828, 0.7847569158947524, 0.9996827569215292, 7.227557836329457, 0.6441000190796958, 0.6842089511013169, 0.691333294419887, -0.14321945801490096, 0.8279679354647891, 0.110571095685591
2.2854926600265486, 1.7104731920542906, 1.4680789272061259, 0.3853082364886, 8.5121111195197, 0.8213286138863964, 0.7749173413108676, 0.8238734670588463, -0.32480640176885583, 1.261674653957926, 0.1454653791306191
1.0899222766192607, 1.1864181202629556, 2.29967586199891, 0.9966173930376508, 8.298418672837656, 0.9516709561480905, 0.3627989223619981, 0.4992106078846128, -0.4820198891041022, 0.07134960160761311, 0.08783893312545843
2.2115606997564887, 1.9480103153299506, 1.93239217525319, 0.6289176822788076, 8.564598743353512, 0.6752201697113389, 0.6225960115321447, 0.9869109632723587, -0.24256517748763698, 0.5614096715881561, 0.13951207687277928
2.1660519193887886, 0.8726815390690076, 1.0235467778029705, 0.8365881548211836, 7.9598227861251765, 0.7803689459284071, 0.4760259880019899, 1.0148470385842205, -0.5071807859464706, 0.3363376126850649, 0.1165903596348653
1.0851656296594983, 2.3864299478298343, 2.8901710028502907, 0.43623407481045184, 10.44339456098539, 0.5539045077641658, 0.35591497686092277, 1.2213523509185378, -0.5423306602972364, 0.03356104576595788, 0.15696178482758114
1.3163288740392025, 0.8105103230167969, 2.5324954289188075, 0.7490266820810547, 10.271478699540163, 0.5716508887813155, 0.6989910283065818, 0.42290961405397376, -0.546282414075663, 0.30423347644056, 0.14400879261753288
2.6240190620198174, 0.7711701973199496, 1.020766394873453, 1.0482030845662826, 10.200404036206733, 0.8122987895677198, 0.2884502633340584, 0.4073720652394828, -0.6597701001977074, 0.03950021940899259, 0.06478953502431978
2.1349496054899997, 1.8271893641392716, 2.8720022159579215, 0.6680051951302655, 10.472944611101264, 0.4934485837922906, 0.7108878320209313, 1.009834266358747, -0.2960990383760881, 0.371268225758218, 0.17598634345260508
1.2483721743131855, 2.0375378708780727, 2.981201410739693, 0.44580766726330545, 7.4825233469053885, 0.9356171074976685, 0.35791645111006576, 1.2233646714863766, -0.12200005401426035, 0.06714789629127473, 0.13485175202789834
2.5410525943698694, 1.9690482057741723, 0.595530235939232, 0.8000186831829659, 9.915668412629488, 0.8749815544233774, 0.4435080438210371, 0.9643905051456756, -0.5854706893631914, 0.149581323707673, 0.1172361711798294
2.5174533971578845, 1.0175384057330894, 2.518062175374033, 0.6818140276819116, 10.083625504072428, 0.5929778238555493, 0.2718581761998576, 0.8953104886555967, -0.3646986219799781, 0.03206294483219175, 0.09114002218266251
2.0310946350617565, 1.1781454404220022, 1.0811810660121874, 1.1194975021449483, 7.852152372632194, 0.6731563019661673, 0.7013190450117122, 0.20719325507824837, -0.3554740091277196, 1.0044076214679403, 0.08988207067421172
1.1878886858739865, 1.082159161773626, 1.6966806018695146, 0.9528706436136969, 9.087155470373204, 0.8052742368251837, 0.38638009847786636, 0.23958836093696062, -0.6594716400830788, 0.08516363528593017, 0.07380462807894218
1.856373311078395, 1.459679161169904, 2.423885620517443, 0.75002271534171, 7.605924209981224, 0.5605585875496305, 0.45006030519827156, 1.0418307555044684, -0.08532572656911515, 0.23086206704391665, 0.12059015416700276
1.4350069027220358, 2.463603106506995, 1.362111179683758, 1.0854872010278571, 8.546663267753468, 0.39132128233941543, 0.32205848261683223, 0.9979159919148679, -0.5290243516310856, 0.047501099824343154, 0.11596582584650605
2.454713908994588, 0.9115258479313306, 1.1821151186092282, 0.4762253638019992, 9.37317967684621, 0.9817619619755347, 0.5522872059508193, 1.1556836310906011, -0.5929449304245045, 0.35175041311625105, 0.14026577713913865
1.5042282724328526, 1.2674244438708504, 2.7998394828913633, 0.8268392162933864, 10.101789137876803, 0.6545255777237944, 0.7899358272899564, 0.3743304688661846, -0.3926352535523649, 0.44933201418085356, 0.15134002375620184
2.242726255187776, 0.7050351806605406, 1.835538756029474, 1.1739070577967232, 7.331884464043018, 0.9696237490428552, 0.5767574258552661, 0.9948956514077143, -0.11147316227471506, 0.4768187432622339, 0.11764509722081129
2.650697013073006, 1.0791617214789788, 0.9999887003541704, 0.47879927168041037, 9.515953319846487, 0.30286418142170524, 0.6806161034979636, 0.5540872277066817, -0.5436105036017188, 0.6729703770206721, 0.12166028252308024
1.3768865302906739, 1.6223222301909166, 2.9795886039357424, 1.1567255193535346, 8.206001070028234, 0.8534806499650556, 0.6725480073281279, 0.4947516231071271, -0.1237816849887787, 0.34947462373952937, 0.12486121586436638
2.532498150536562, 1.1691836678140768, 1.9579397909813214, 0.4655147235549003, 9.422086480587591, 0.6005858299692678, 0.4335072064558277, 0.6768613700484818, -0.3902360504314137, 0.17447389052565793, 0.09726231771375751
2.16991353808863, 0.6575064779449205, 0.9416619679999116, 1.1786605648409245, 9.223112014479003, 0.6309326504454214, 0.6784160220654376, 1.0768834469756674, -0.5826494816996731, 0.4740388719261712, 0.1538822857326886
2.5445585334529226, 0.5172930377519261, 2.5860288990032387, 1.0832509854839505, 7.76143548545486, 0.8756685041527568, 0.3193445879987246, 0.727621651588293, 0.12236407350849614, 0.051517975178206915, 0.07417637532096705
2.4778115790623154, 0.6237757541935812, 2.806867435235541, 0.9220318995214257, 8.408045590392447, 0.4795257595018937, 0.8378572688505419, 0.41333054350638754, 0.07207229777843542, 0.6328244784501406, 0.11503786905130255
1.3971429622417275, 0.529162799213914, 1.1933567209226814, 0.8333574846678498, 10.28258630105732, 0.9013540070873038, 0.46473961666270514, 0.5571473192628038, -0.8178339556492386, 0.1036382975080834, 0.11542160026787314
2.746147151443866, 1.1903028815982237, 2.3345869307322715, 1.1648879621716546, 9.293572257254333, 0.5741974318239008, 0.5234342979469226, 1.3295758757965241, -0.16744254307855597, 0.2293516578851074, 0.1371921710643801
1.3943094667715132, 2.230616434619078, 2.023789017669441, 0.8838087411010029, 10.266010073436469, 0.7389149924126523, 0.8149558741460368, 1.1040661343977967, -0.5906017427821401, 0.3958386082481674, 0.21451752563982154
2.5892277485401807, 0.6087268594148819, 2.079590370227365, 0.42906149445815533, 7.1675987779039225, 0.6237371002882948, 0.7464453871731407, 0.9447439167070808, 0.17560180628542402, 0.9433828036016222, 0.1207708906714106
1.3803122829332881, 2.291131021123494, 2.8738076968647808, 0.8713943460194497, 10.401513709054905, 0.6227255930349691, 0.29003512127948605, 0.8075952759515115, -0.46700676761274057, 0.02209639611938711, 0.1099424280517269
1.4117588557684055, 0.5366771568125324, 2.4614650791709654, 0.42501629763518145, 8.163808491877226, 0.9220894052551252, 0.4570261101169461, 0.5380501445147359, -0.39056503905160456, 0.15942675248994306, 0.09523318375111557
2.0566441347218323, 1.5269781032776144, 2.224101947166207, 0.29897691814687055, 8.555926380354148, 0.8560156838100188, 0.8176602520388863, 0.8304179642650542, -0.22904479027960525, 1.110200629491118, 0.1554207977594342
1.8254663283401276, 1.6694564893773778, 0.7524449379504592, 0.5949482774378294, 7.478475773750932, 0.8722794979115407, 0.48856315056634997, 1.0555546598657253, -0.508625311828016, 0.39285748028353007, 0.12334904379953514
1.7568611352394243, 0.8009695683349555, 1.4636000919913863, 1.075130870573533, 9.189022422455956, 0.5682175863402819, 0.724113385463725, 0.6965739902198287, -0.5634361260897586, 0.5618923264173237, 0.14555221694987266
1.9813150886775275, 1.8229347433426535, 1.1337973621139095, 0.954500625231741, 8.921482645573137, 0.9355191433435668, 0.4533877380948749, 0.2122653379737648, -0.5350485668106099, 0.18614014430430453, 0.07229982781485887
1.8514880001507223, 1.2227932593455855, 1.8112531300279557, 0.6889543517808803, 7.6589073848500355, 0.9006997093544242, 0.3389793475955213, 0.5878822436700735, -0.3541538020346006, 0.12960055930336495, 0.07833473634847905
1.2256563265523754, 0.6021915700707976, 1.4299709636778786, 0.5804996296904035, 7.533497719528579, 0.5124233738519193, 0.5618291054494624, 0.8280042946814907, -0.6170757028477162, 0.4676020641068258, 0.12784881527237302
1.9670253644368823, 0.9537053672743016, 1.0359588212336615, 0.9555634740077509, 8.733926844236414, 0.39270432344662065, 0.21705890950712114, 0.9359269924364841, -0.64633112583026, 0.028867240210906562, 0.08981761193543207
2.2733037122021598, 1.1709792021004015, 0.9392779809464157, 0.6430896459596416, 8.221579453138258, 0.8989726398311206, 0.6593252100147173, 1.1889341954769672, -0.4819562034352571, 0.8545928060068506, 0.14787084873241838
1.5094274400060155, 1.9597650768569703, 2.4808121846444466, 1.064438726145422, 7.050043599321804, 0.855296481078013, 0.2079296940457052, 0.8711864823661535, -0.09919541356508182, 0.02483926957166259, 0.08679869699320988
1.0032662279071622, 1.2963982246492818, 1.5484586875004305, 0.8723251806184399, 7.976054358386708, 0.6924595337680142, 0.48786839647179636, 0.5630727855035946, -0.6264176817469373, 0.20801556770108667, 0.1076430936982797
2.551691560332995, 2.249952710708242, 1.8738381539713376, 1.11408926539555, 9.018681921935253, 0.6806425629320499, 0.8258271949058085, 0.9316797438919115, -0.1510360926461313, 1.0558407816084252, 0.16062434421284708
2.718796029160025, 1.3824733609914466, 1.6767860889967603, 1.1867909952339228, 9.227003922288201, 0.802204909584785, 0.22680283047865105, 0.2662947249808241, -0.33619861265535106, 0.03138621173355921, 0.04423025216034148
1.7410774393222848, 1.6776337875447522, 1.3199592470718768, 0.7298240207506665, 8.998499074918096, 0.78651437338208, 0.7131664509666074, 0.35322377299814844, -0.5537337642503771, 0.6266667362342666, 0.12028276271987125
1.3911801511884319, 1.8685670266224041, 2.9562985826880523, 1.1310926016385483, 7.303146680262894, 0.35978972908957346, 0.5459318198013376, 1.3694595378398142, 0.09233327146600273, 0.28076069576509843, 0.1647395496781701
1.1199702702608265, 1.784950122278751, 0.7603117620581561, 0.6444411895745881, 7.712765929265963, 0.6429293170250254, 0.5080654733388801, 0.41107011800908083, -0.6966057340784062, 0.23770676650108713, 0.09219676150707529
2.703145981641992, 2.416777628517035, 2.2807299132639, 0.5212555844810236, 7.991337752483063, 0.899502832218841, 0.3416542430023254, 0.5299878276113041, 0.11646319038460759, 0.13233924421369067, 0.06894470262588584
2.6090374114316264, 1.099896130714916, 1.1440938003730485, 0.4565081641810358, 7.605416007176654, 0.5181520145943452, 0.45196770036091144, 0.9934100650815001, -0.2627771772781523, 0.43744178291280833, 0.10339913156087277
2.2491074820396326, 0.9914343387539424, 0.6652210165201194, 0.8324935953823426, 10.16080171594328, 0.5237542971287772, 0.6208306547912666, 0.9249190085384296, -0.715926707847451, 0.3232420769751778, 0.1472626293389476
1.7689308267773538, 1.1926013897771917, 0.9303701734801468, 0.6071941747773268, 7.825317513976031, 0.526494457358311, 0.7338673337660171, 1.0922946161803966, -0.5420660620508047, 1.1641655705037035, 0.15764765885349333
2.06761630231187, 1.7684235163830972, 1.929266193479894, 0.29546176915281114, 7.539775371805435, 0.988850326124812, 0.32093354525404133, 1.2294125570460168, -0.17986052334377445, 0.12665003208890147, 0.11319720872284961
2.4983805882532657, 1.9285438624108528, 1.6291023631420423, 0.7061216616847166, 9.369588685005073, 0.8805197838108991, 0.674543149817891, 0.28603426776435475, -0.33494401463051515, 0.6429351731187349, 0.10706201433029491
1.9303221856080857, 1.799278678297664, 2.198952017957979, 1.1559793016439106, 7.939141841252791, 0.8971274442122099, 0.24022666047469693, 1.450732827706262, -0.19889140131782065, 0.03794337903655898, 0.12238100244212546
1.960536108209662, 2.3451079947834836, 1.6162795420929523, 0.9814111819793879, 7.5469742860387825, 0.4945449899765737, 0.5006863716092602, 1.2363010652486, -0.18751254169233497, 0.315657379948982, 0.13625156569920363
1.8591938243440311, 0.6912250352537379, 0.7477623666697899, 0.3095612447366481, 7.682007232305586, 0.35155875714481816, 0.6910242554915719, 1.2094308122468507, -0.6349312629648013, 1.11269477071117, 0.15588314721098867
2.6296353704161444, 1.5252523230899746, 0.9814270383587681, 0.760457241776019, 9.056066762891279, 0.6374418542738389, 0.25343314283156143, 0.7545999738899776, -0.4848039650247864, 0.05166361458546802, 0.07581791972770588
2.4012457599403687, 1.5423470696303994, 0.6701100765695107, 0.9732328927928753, 7.133129818620406, 0.3580758971408425, 0.7288941604381294, 1.205285244327408, -0.16474246947487878, 1.6715362998093348, 0.14004404126579176
1.3364841086722645, 0.5528142752951097, 2.4291159409226806, 1.1639557888255014, 8.20048492203794, 0.8857925784747454, 0.2123890073330991, 1.1643491495129015, -0.3904142781775348, 0.01829788401334912, 0.11325754272940686
1.7346371940653356, 2.189675608650358, 1.0989308570062453, 1.1437656469709747, 8.376678794740757, 0.40718158188255, 0.625007019168268, 0.9927560569023182, -0.46934842157847523, 0.3749057092354338, 0.14557688647480974
1.2717241565531148, 1.4025360668311082, 1.69400917350588, 0.5403035591847231, 8.971367968505442, 0.7845865109656895, 0.5397991968325095, 0.38317163513063623, -0.6410410288099919, 0.24265640563204252, 0.10531841895950493
1.530948621759598, 1.184314995528969, 1.8673463674779873, 0.9337065034466954, 8.137842256227437, 0.3073545012622486, 0.7456777342994536, 0.7390343160054866, -0.3568713379906243, 0.8743773618699421, 0.14574668162621493
2.45930605798112, 0.9637106514476317, 2.26853818084656, 0.6983164384607103, 9.94315970475382, 0.9681573127349417, 0.2148738838775288, 1.4218043183421234, -0.4619651986355081, 0.01874971490019906, 0.11197478104077163
2.0387715897336807, 1.8182111985578204, 1.7238493628112976, 0.6174349962698886, 7.0663526862536585, 0.7794559146255327, 0.35448659881911665, 0.830703981069568, -0.13147047344908022, 0.20199218570231203, 0.09080149147761403
1.9875756839199223, 1.8038242450888922, 0.9447538150514114, 0.7664773011701218, 8.318026065752417, 0.5574738869747782, 0.8156485190106122, 1.3654070362026023, -0.4487287619454453, 1.1930472441568019, 0.18454876876770868
2.612815452895852, 2.1414299720523555, 2.6497813366150504, 0.6735072805890729, 8.706345599216176, 0.7547899638399981, 0.839546154883342, 0.6453461877328008, 0.07249689479121128, 1.1227252667810224, 0.1419354868560913
2.6471094413669416, 1.3488536888713099, 2.603212246733696, 0.3904644682777304, 9.450361567066103, 0.8149141615312974, 0.23049665524189492, 0.35011195411310725, -0.19335014084903315, 0.02743770391966522, 0.050693344560859256
1.565340626870975, 1.0705602395404257, 2.5660307759222993, 1.0008664521633763, 8.04466312698699, 0.40918875879097283, 0.2732875163033116, 0.32009416635144494, -0.21243327837267698, 0.04383555414732665, 0.0567269016350474
2.272506161833249, 0.6483263385658931, 0.9953308037951164, 0.5178673538577268, 7.361931550461584, 0.9135622053744219, 0.37816404721006625, 0.5476962031358235, -0.4693035857742167, 0.25226470875294416, 0.07260487830644706
2.022272087130651, 2.093932681735569, 2.860957301232047, 0.7983647869055382, 8.170190296456228, 0.8143078756438265, 0.6934658511028118, 0.5155418697122192, 0.030015231629458086, 0.5337332397446988, 0.11898493344982854
1.7092202164056833, 1.4545487646493622, 1.3847192067788565, 0.6664169323663172, 7.4362261254140405, 0.6778377794327757, 0.7677812285360421, 0.597355180691107, -0.3642204674885022, 1.415763479594017, 0.12610283615991646
2.5901508275921596, 0.8124257787398337, 2.9292093012457445, 0.4714035605646003, 9.19786889445296, 0.5656827714284127, 0.48901423599662674, 0.27078701304415453, -0.05151178849734831, 0.14746279914127647, 0.07482954509701813
1.9341304611344667, 1.3876338678239097, 1.711654814845918, 0.340789261876016, 7.671657263786075, 0.4820770094748111, 0.46422995091549285, 1.172462192919027, -0.31742487558903765, 0.37188881638312776, 0.12900777239708985
2.400041488640182, 0.5649321424299987, 0.8189217067486514, 0.5084015231174567, 7.977458088868617, 0.840789386447429, 0.4594591517321109, 1.4135099090998124, -0.5625557725961051, 0.32113642994276503, 0.13215465891189523
2.6256772981165195, 1.3783585655844415, 1.6545919190477103, 0.7657338084286902, 7.737158728030298, 0.6551250845397223, 0.6760143617531751, 0.9810119032975959, -0.07446708548322331, 1.0951558233643328, 0.1269360384735046
2.3664094065701917, 1.997185728923508, 1.7206942346346175, 1.0791110264360073, 8.15442066627217, 0.788673283476715, 0.20095318563785267, 0.7490728802363689, -0.19799824051666184, 0.030893187262791135, 0.06973083924254751
2.6535306725100973, 1.138234594215616, 1.5576478009820374, 0.5839792813940616, 10.131957404502439, 0.4555327223030803, 0.5110674048444479, 1.292153412564437, -0.5262049620629113, 0.22894353953109192, 0.14394491386512528
2.460554236044901, 1.933131489708657, 0.9553194870848731, 0.30872616441648076, 9.445857696136052, 0.9289848839225532, 0.3898713321241579, 1.2109027401954644, -0.5206379586199645, 0.14203545645888138, 0.12306253417977132
2.2514587542200633, 0.7329036039281732, 2.0869371240507477, 0.3995220343465177, 9.566420274660057, 0.9114712439017596, 0.798655393345211, 0.4795196578772903, -0.44523839931097325, 0.7524117361377456, 0.13682989564738818
1.4841731835842753, 1.770614135472517, 2.4125700526015423, 0.8579202925015269, 7.779202284704069, 0.515331777499753, 0.45568342619519503, 0.9574043292215437, -0.230640571959262, 0.18878635121972465, 0.12559562344118602
2.253189061106922, 1.2608915223385682, 0.7795880204556955, 0.6335655948415659, 7.789141446648998, 0.9500548318964235, 0.6474633772406577, 0.9983414033614533, -0.4450712653067236, 0.9838620969041709, 0.1315437952510547
1.4126164082777424, 0.6269579733254664, 1.186373367227184, 0.9726083150250028, 8.411281583958427, 0.40320876761937563, 0.32567611822492326, 1.3079961380237548, -0.6907082800712221, 0.0755830178850215, 0.13631384410415193
2.479797275374143, 1.7001775142135223, 1.336185919477222, 0.5274863411771309, 10.373886537363884, 0.866440735639664, 0.5800087207345452, 0.3038859021741986, -0.55914336687403, 0.3201016617423069, 0.1048108160229458
2.0109207744646147, 1.9305825543767412, 1.118116882168162, 1.0740795423251477, 8.028296552792284, 0.4481127957919807, 0.5673851695197784, 0.6222347729701133, -0.35347451538436314, 0.4704333094176723, 0.10642634934178204
1.5196322422564574, 2.0395366077436634, 1.4099377708570722, 1.0659683471525534, 9.25667220649832, 0.4721031825219247, 0.6695106013872019, 0.5939722547189155, -0.5744581807351699, 0.3474108210361266, 0.13892267625795285
1.7533454431305329, 2.44546081809022, 2.3098895578604655, 0.5153151070454198, 9.949942136706577, 0.599386546717251, 0.2017722944521744, 1.1862264978861046, -0.4514977203779889, 0.01311123936003484, 0.11268561281758593
1.6093157347099174, 0.7816008564559687, 0.5347086966219583, 0.6990844862117668, 9.431000480013983, 0.41620056530033933, 0.7223512349997541, 1.1999460678934404, -0.7870827550667303, 0.5187952553662268, 0.18479752536361047
2.509871945916707, 1.4456002644865058, 2.3885713663352517, 0.47544881118078536, 10.28992162585834, 0.35342676764790865, 0.3977163246928257, 0.5145815859393428, -0.3724289039742292, 0.10134865755256962, 0.08953985150685184
2.7921576888173476, 2.4050367739422, 2.6570869639975805, 1.1541555004805688, 8.13155054371862, 0.36234724345009506, 0.3802404081662584, 0.2697638103058192, 0.2302254183232399, 0.15430172436520798, 0.059405247561226136
2.2650441710742104, 0.8411034486869348, 0.8641593618839998, 0.5363064334703058, 9.958787373191697, 0.9267664160161815, 0.5866179801381542, 1.3116436100619253, -0.7286685612665711, 0.3111233947454163, 0.16303372342583317
1.588364106890856, 1.5510910988166595, 2.3865183088777338, 0.6838149726147449, 7.160924210597017, 0.8505170876982313, 0.403109478710468, 0.26857285609210213, -0.10990085705289354, 0.17298822096365302, 0.06272514536554809
1.5211496900790666, 2.310873573557441, 2.367855542256682, 0.7015357899409472, 8.160784540359177, 0.9427922750493505, 0.22036724211157235, 1.264982626311756, -0.3070210023086244, 0.021636433219518404, 0.11836075820887344
2.766346386986486, 1.1895828440986391, 1.3167994888975185, 0.3196435553227734, 8.48027226476371, 0.5794195702024798, 0.2808055463085225, 0.9826983269888276, -0.3301835735559688, 0.09326995432362882, 0.0869596401056333
2.1375362507737403, 1.101363085401219, 2.2452702130138817, 0.5823033788128736, 8.287408868448136, 0.349814802531706, 0.7697804939118231, 0.6997414497217953, -0.17628476365274498, 0.9607067290129162, 0.13460051166257472
2.5729939175568344, 1.7063863311985519, 1.586962731939865, 0.3831394545442266, 7.460985621663317, 0.6878756023177841, 0.5936321918497778, 0.6010501060201087, -0.022732997319573206, 1.0183225144010555, 0.09709131529642036
1.4572021031514828, 0.5914146556656932, 1.417826319220151, 0.48228696641671803, 9.60766078960021, 0.5880493327346055, 0.5220683721143389, 0.42697317350397235, -0.764295908256487, 0.2060941505306903, 0.10822305462235818
2.0557701535369928, 1.5760265289901028, 1.7445594386417551, 1.0494083381884916, 9.674046214096109, 0.5048187175516707, 0.7613229758842202, 1.2691212924245745, -0.44985930968819815, 0.622634877247146, 0.18912354320040323
2.0452530984492805, 2.025039900309535, 2.010739940979782, 0.8041613326571944, 8.24850945364103, 0.4170438824129319, 0.8463794032906382, 0.8196012057931672, -0.13637640152356695, 1.4005350204960316, 0.15798006494843264
1.3055366487797144, 2.165114598351898, 0.83007414372462, 0.65364090696837, 7.556027011915705, 0.9530595101259283, 0.3636177030021791, 0.6026487676394594, -0.5885359176560842, 0.08871415790522993, 0.08629388696746901
1.127608941806812, 1.7286181228184887, 1.9689058603294178, 0.795313314563333, 8.730485051611716, 0.524827287628465, 0.653974556923384, 0.5896254681782784, -0.5526844528433712, 0.3507038464899104, 0.13916626043025646
1.2821959892764963, 1.0092338048400356, 2.3034241776270443, 0.5322819120227207, 7.4168077090989915, 0.722036631310103, 0.623694505226998, 0.3041637664273441, -0.26657556238727703, 0.5228290133153932, 0.09354216233768967
1.678369694531403, 1.3653597795022971, 2.3405710222670706, 1.1843583535297402, 9.83542808535995, 0.42941992741132184, 0.2352817973738661, 0.21489883355849418, -0.4742340904801998, 0.019663706805373674, 0.051046625074377516
2.58425524983984, 1.2392636766523646, 1.033085736630273, 0.6810573905217094, 9.079415035961446, 0.4849208298877218, 0.5440559955378534, 0.40244374186216514, -0.4930988787244574, 0.4110410793526901, 0.09205515210473095
1.3461913293965522, 1.0125671266196736, 0.8087640012251184, 0.5637726221270394, 9.66830162179902, 0.44733506652469546, 0.5374812810793506, 1.1213509344904196, -0.8226906664797916, 0.20303774525254098, 0.16360953978306497
1.8443496982109493, 1.3011889470590183, 1.5072842257230483, 0.28196950288269834, 8.27015606103671, 0.746154101885925, 0.7160206719643052, 0.8616764679955542, -0.4699384418693488, 0.9686096472922141, 0.14546793722664006
1.679627855598807, 1.21311027921212, 2.187607449452773, 0.9025228178403374, 9.478856485017282, 0.999405178866352, 0.40624891298367194, 0.40864548171513343, -0.5155455323849591, 0.09390619377062809, 0.08735452721171896
2.5827080830473603, 1.369792268495671, 1.6689636595973016, 0.3228861719453477, 7.414444842462436, 0.6223026897389128, 0.4916168086561959, 0.9843512144416307, -0.04599339315721864, 0.5716625477602311, 0.1064717967028264
2.3122779809479272, 2.367417759302805, 1.2913505429626166, 0.9862683654093919, 7.201900934414978, 0.7768917340363868, 0.530271112160453, 0.2742710578423681, -0.0239418504002911, 0.5219917625552526, 0.06976843142445432
2.6450167807453626, 2.4671338111941914, 1.0962825457066676, 0.28834850406897183, 7.6970363804449, 0.3878657338738063, 0.6029548475398657, 1.4043593528893992, 0.020058802119759862, 0.8382407102519502, 0.1414440921320056
1.633384815339455, 2.376789143613051, 1.9537487891965173, 0.9415423480777715, 10.212579066284476, 0.7261604115319078, 0.6380532825505243, 1.3545176649961996, -0.5514429359209614, 0.22251626809886527, 0.1951709698465129
1.0624226630697944, 1.2332595691680237, 2.686298766680617, 1.0606489577849239, 9.29155139094697, 0.5731269203157139, 0.3419133615606319, 0.8440131308106775, -0.46191756226361, 0.04498311423532086, 0.11893805221799994
2.7161315995701667, 1.9943462111826231, 0.5940252535206452, 0.8858102125606865, 7.305117534778524, 0.3711740645682321, 0.3809952921961141, 0.4056442678027823, -0.0839438533231398, 0.29699760104057593, 0.059903871691931274
2.0886431973474124, 2.0340809358370504, 1.3219371463850589, 0.3049518090688869, 10.034223147366115, 0.431401975726089, 0.2840779590796374, 0.675437679985905, -0.5840832022670179, 0.044277521371898144, 0.08702273199422052
1.1538237801936084, 1.4013913674966347, 2.8147066873965176, 0.5493426298756172, 9.85433802479384, 0.5866531212183272, 0.8169395820046277, 0.7957661991045599, -0.4586752678818365, 0.4649699390072552, 0.19218692229532736
1.018044024887533, 1.6526953114108285, 1.6433285189440257, 0.41269334884440434, 7.286387388785456, 0.5937412774242747, 0.6119745490601598, 1.488722833583686, -0.5355569209100971, 0.475156003055487, 0.18680240956469787
2.633986330850339, 1.0676865187939386, 0.5588058237036386, 0.6026762912039205, 9.38563827976515, 0.8708420256082761, 0.36388024105631483, 0.895796525454795, -0.6525960747791322, 0.11329450958515958, 0.0987655852548778
1.6587467249413477, 1.7965132947789761, 1.3667221281878712, 0.36274647176367986, 10.448695796938335, 0.966502853692015, 0.6757899125254119, 1.30316200457232, -0.7068172129074898, 0.3145559438649495, 0.19756881415072713
1.739007358524355, 1.879063401459832, 0.8106865341779054, 0.621098624689275, 8.405026501712804, 0.503428671533964, 0.8139304037523722, 1.4677669270503855, -0.552840019388134, 0.9588419653397957, 0.1983525964531509
1.28689168861017, 1.3381695499301898, 2.1328637607109133, 0.36317625726960356, 7.694310289189268, 0.8549621357484998, 0.20467793388567604, 0.4785068869608968, -0.454224372752605, 0.026083971558027018, 0.06161281301945564
1.3108862996735802, 2.1337948313471324, 2.439107461649562, 0.33723293018425243, 8.991886276887275, 0.6893773186815384, 0.2074958485854806, 1.0448161807049545, -0.4632392088312539, 0.015544258087670834, 0.10871060194811434
2.306656036851582, 1.6083668212831217, 0.6294465405404717, 0.6412056734754743, 9.990906097752738, 0.9397151892700693, 0.8415595530947546, 0.6800684776798779, -0.6370620070832428, 0.8679206086321629, 0.16110013354409602
2.3336022259762137, 1.7817230109360247, 1.079167364989149, 1.1750772451456601, 7.8420755311338315, 0.9754449817690429, 0.27626553129707626, 0.909425533862571, -0.2941656899616323, 0.08011382459957163, 0.08576960164515185
2.786808237681417, 1.0586452622766462, 0.774225944243935, 0.9455646146954617, 9.817249139046863, 0.8578672786069692, 0.4718981887303069, 0.9142523577375377, -0.5858559517198421, 0.18679852799453517, 0.11335718481481308
2.379500125464655, 2.127725172904152, 1.879712472837118, 0.42632834962213995, 9.632502527795495, 0.7171849458717379, 0.5805524690945048, 0.79431253559286, -0.35070553968650525, 0.3593457083771288, 0.12994826834459672
1.0471275747107645, 2.42129531146327, 1.768185643079327, 0.8198385691361163, 8.594484047323153, 0.3245495763255232, 0.707092738913528, 0.7505892947266761, -0.26015923512495376, 0.6826333282682924, 0.15862685769145612
1.8548143241263593, 0.5802317709965849, 0.9838493750602698, 0.8419805509170797, 7.192315768256214, 0.3059542740406317, 0.6573487782676602, 0.2969909336515619, -0.46914433182299137, 0.9967866976585231, 0.08494007834262447
2.6578274583645176, 1.538519014098645, 2.0477830690447205, 0.7534285045649215, 9.697652362947514, 0.7710776551927421, 0.24487143455056815, 1.3518509450273433, -0.34746280133191676, 0.03439009819957755, 0.10806413885235087
1.5620833955775835, 2.4499730765104575, 2.5109305337875436, 0.8148775503017173, 8.63863026482955, 0.6823116001319218, 0.7930211891964605, 0.5509288811236039, -0.27985673983120773, 0.5541225826882008, 0.14954965961596828
1.31492634450864, 1.8332789901805893, 2.9203760500700366, 1.131904865578111, 10.321190563961673, 0.6263994468320019, 0.34338960817415565, 1.3805160423442862, -0.457751554801085, 0.03465780791966999, 0.15947531271871412
1.5087058092290522, 2.245884295947479, 2.931208236881057, 0.5695181994746106, 10.278302051383793, 0.9763122751720592, 0.6901584313960423, 0.2099895380976482, -0.3970412147947967, 0.259474947925844, 0.12753077176617808
2.047603161016087, 1.2351281626503536, 2.297321279051986, 0.8823481113749874, 10.23316264619318, 0.7307445992605546, 0.5974590265355716, 0.511741967611931, -0.46263447549311143, 0.2540155667658754, 0.1238877940630482
2.223683574361791, 0.7382778269733878, 1.8469590569896153, 0.3038882952644769, 8.588642575862972, 0.4440474006088969, 0.38335518887666936, 0.5339631291085256, -0.44350156494898, 0.14743908825679958, 0.07985632745840121
1.0965544644446903, 2.3068572587217213, 2.037437403102806, 0.35555508860884355, 8.394508939779946, 0.4115012002932048, 0.4851539957411246, 0.2773438921554593, -0.5158940114875895, 0.14638186526194114, 0.08893628533540322
2.73878201418258, 1.6046282774392304, 0.9872397076347069, 1.0815485772828048, 7.423350945138356, 0.958914873456582, 0.6656360519924892, 0.9612044823723545, -0.04750518005427495, 1.2336718590062812, 0.11871518826985267
2.692661027425367, 1.1116593791206901, 2.82014388334971, 0.6477758720483138, 10.385502305843476, 0.955810066944387, 0.3709106325867241, 0.9483268708177657, -0.2793457643322546, 0.062448464304734205, 0.1063480742550746
1.4255848198604575, 0.5678653636783767, 1.9611843455566687, 0.906671233029517, 10.13434302466218, 0.6107555706567243, 0.7025814511546522, 0.5647197756124548, -0.6432021418944401, 0.33616861713072976, 0.15056723548434092
1.6687496580212673, 1.9240888630765562, 2.815650222974889, 0.7374510656866111, 7.273572051537197, 0.6669855494859713, 0.23477790564846565, 0.9682419310117829, 0.02776872367920422, 0.03338982393212263, 0.09471456336199481
2.6875521988788256, 1.6920070972068457, 2.4737978623390307, 1.0018668738701315, 10.15489952213884, 0.7796415017905969, 0.3654574288441438, 0.5830884790289563, -0.27194708816704277, 0.07545062941123397, 0.08620835497160442
2.5157270526775255, 0.748813233448508, 1.3724456200196018, 0.715973934420405, 7.204351048817834, 0.8730932190199516, 0.4281054463875188, 0.5781818512186458, -0.20098687006873794, 0.3347110520900081, 0.07506532366140163
1.6935741904420123, 1.758851031703291, 0.683102917566221, 0.9493533668654596, 10.479739454365397, 0.7995199664109192, 0.4709920838534209, 0.9598245089617541, -0.7683819612889377, 0.10086983749744699, 0.14066277049816564
2.183394757903362, 0.842092514065472, 2.7851485237232634, 0.5613495058805117, 9.032175660506699, 0.6019445591053285, 0.21773613907370823, 1.4082214424069215, -0.23847327917502217, 0.01947386644658244, 0.11404938442879939
1.7070791270989911, 0.5451087072783248, 2.4990358709643665, 1.1478705649956724, 7.125241012351076, 0.6693068610630878, 0.717508883390888, 0.7699086133510291, 0.00304051955998925, 0.5728220841811514, 0.12456049115731731
2.744835217792703, 1.872824483027219, 2.6956759021497776, 1.018991017035705, 7.511303391026055, 0.4961089183259354, 0.6159704133955989, 0.8260153346680363, 0.3378028986821275, 0.5862703328996948, 0.10972618859275826
1.3515586358140865, 1.8511877348785468, 1.5779381927078333, 0.9227237967945146, 8.192671053832873, 0.5362231336661909, 0.36695685224635566, 0.5686818158134448, -0.5355901759659821, 0.09599845636312125, 0.09027504455822054
1.661660423356079, 0.6055136809962851, 1.1798928355138267, 0.9018231817209613, 8.031423237254597, 0.5102713856701989, 0.4114103333101754, 0.7195829898133548, -0.6203708733896471, 0.17774293674475822, 0.09915786783560179
1.463675345482902, 0.6462359739238039, 1.404319815205605, 0.37783696090473473, 8.210067580355485, 0.7162275897807342, 0.7153364144234242, 1.0673671776950608, -0.6435377467191352, 0.8004938346031609, 0.16486696100444534
2.7838468677468025, 0.8569095341244021, 2.228008465432417, 0.26779035621978614, 9.73760233587722, 0.795201302211765, 0.3266463806075504, 1.0455153627424765, -0.35317583430171606, 0.0663872222175668, 0.09997626179363578
1.4736590149820816, 0.6191333701264564, 1.199732620678847, 0.9692886504363669, 7.526187678162092, 0.8738356175103159, 0.24634616990125718, 0.6734741496896136, -0.6285654430554777, 0.0497074301501405, 0.07755032041968661
1.6827363238157527, 1.4284753103771581, 1.571135238905395, 0.8065788457095461, 7.103096549045133, 0.7841994051254682, 0.23946984306167385, 1.3893641438814843, -0.3554439225957432, 0.06314470055609857, 0.12052259052055887
1.6256585570158828, 0.8457510741902704, 0.7635974238741853, 0.936204415591483, 9.905579101889526, 0.9717608110664098, 0.6341024378513329, 1.4225949292100488, -0.7768558341838032, 0.28588690197411587, 0.19138465149299008
2.5541125466746695, 0.7869339615411494, 0.6978428799440501, 0.6286238788016594, 9.488575423250344, 0.3892001688774104, 0.7005804907834599, 1.1132423783543544, -0.6371822739847565, 0.6093341711799979, 0.15494757058710093
1.5928103454724647, 2.383406478229375, 0.6781205298016283, 0.4997176827253368, 7.601653854829499, 0.6967064350006639, 0.2652491656335174, 0.4613973964239955, -0.46372376217908945, 0.04549675015548274, 0.062410188879875934
2.1169846905937426, 2.051443081895561, 2.7155070172844296, 0.6154128383076425, 7.23162382369, 0.8112183109350697, 0.8325814898712296, 0.7243559578404519, 0.21217568567452802, 1.2124798824549985, 0.13486102766699332
1.147412066328949, 1.6002711768144453, 2.279371356920308, 0.5754717165031158, 8.527283229626832, 0.8284495682502973, 0.7317863408012371, 0.28981831108415446, -0.44755678396353565, 0.5254961232118721, 0.1223888902591716
1.1250733662489687, 0.5396482990213596, 1.8343897886027147, 0.4184009934109759, 10.344617927540426, 0.7132342069908362, 0.41119185909316847, 0.4627072762115325, -0.7928915654122644, 0.07312107708366071, 0.10420069761108607
1.0248868484681681, 1.8011763361353048, 2.1658362775396305, 1.1254497055205661, 9.325753340817545, 0.6616617153020943, 0.7732037429169127, 0.7381222571275325, -0.5598559034052034, 0.391689576040649, 0.17789108086195482
1.1479090921420556, 0.7462082725883307, 2.8822293271073076, 0.5991345439498355, 7.9541703797441174, 0.3907891638558315, 0.7911275515549681, 0.6682904793542532, -0.17534642441135906, 0.6225432602059691, 0.14928275160931662
1.3498328976442093, 1.1264375808101539, 2.9456078734653475, 1.1301016175279446, 8.499494372258312, 0.6445959405564621, 0.8442362645706716, 1.2460213220026934, -0.1679000366975633, 0.6208724652015959, 0.20333368826381049
1.6054951523698202, 1.6498951834087143, 2.5697658447002807, 0.7947874213571154, 7.242564941074062, 0.608071642712328, 0.2714267561492836, 0.5266890059566021, -0.04867919265487287, 0.055335022979045544, 0.06850706026190892
2.7267473034669294, 2.2582066321848444, 0.643520706964398, 0.7362999009608789, 9.288863870450491, 0.7484885335471176, 0.26715642571436443, 0.32260705797859257, -0.4271145812335717, 0.05166109271714803, 0.05246666520586587
2.1909416907112265, 1.241206422183883, 0.6166228938201087, 0.8538297216256073, 9.551689756732232, 0.3337752252092864, 0.8289511646787502, 1.0507327686188033, -0.6223354853796556, 0.8967172206381322, 0.17697355513666707
1.238577480486871, 1.6100394098045014, 2.7380771735823157, 0.48774136566228976, 10.242241846920559, 0.7397371427702207, 0.6344454162255949, 1.0400548900913218, -0.5259607346624804, 0.21370251531977164, 0.18353240753014688
1.1692217437001033, 1.9264707000691808, 1.4989404291442137, 0.9071909756482933, 7.7499359204920255, 0.6997154546605813, 0.5758757594226025, 0.9664135816421497, -0.5431254228693284, 0.30689032110584413, 0.14491106809175108
2.4970772400987875, 1.8853875877217952, 1.5228759814788109, 1.1896690987098482, 8.21151027093061, 0.7569715208267531, 0.774516000001467, 0.8495655367292165, -0.12829497207090218, 1.2258109421688779, 0.13872258478615548
2.35904437712819, 0.9954539295958191, 1.8204472472842461, 0.7206025262937374, 7.776987622852589, 0.9623450991471474, 0.5817269237902093, 0.7923772520757182, -0.19135454465391072, 0.5807722341935886, 0.10990451894482249
1.459129182797422, 0.8667906727039569, 0.9941989986589982, 0.6724602515247577, 8.815773205450913, 0.4694953252333942, 0.7393579202337353, 0.9098240688794248, -0.7090719158024623, 0.6970188151205082, 0.16462581456471526
2.256959747894793, 1.5824054055294898, 1.354067558194207, 0.7639315610827325, 10.203954167019138, 0.4843927909992056, 0.7566696064085481, 0.47590630851694005, -0.546250102906604, 0.6384468930427625, 0.14222152660055143
1.7937873740521735, 1.5747173471298799, 0.6614594026065743, 1.1805170123079716, 10.394477865070455, 0.43913607238448604, 0.437425798162426, 0.6332787536810369, -0.7273498531421503, 0.09062895523473662, 0.11115346999518806
1.2427916385358955, 1.625303882001801, 0.504395682271977, 0.35750626317538825, 7.349769643633856, 0.4231976675216192, 0.8119541518569, 1.1120725569680556, -0.6330554539932746, 1.3154992307395021, 0.17319636287673348
1.5240519857781336, 1.616769359773481, 1.307755474333194, 0.4447566035861771, 7.021805930195888, 0.4147092933818121, 0.5224194847257719, 1.366491715592188, -0.4124070016880186, 0.5333304314495337, 0.15199895758873028
2.713473854120593, 1.3587330213065851, 2.6382086986734055, 0.9683520474580632, 8.442420991026756, 0.7085642039234517, 0.2894258824805925, 0.7451077491723981, 0.055315278089369854, 0.05358131427666349, 0.07524454341153614
1.3417113282602329, 1.8752063905774277, 1.993598414092485, 0.5570928645726818, 7.01623092392223, 0.806652141629751, 0.7180787302810225, 0.7096642925310261, -0.2639592167874683, 0.8051805174638931, 0.13214580567262602
2.2100503200730763, 1.508666391913738, 2.2585023867398855, 0.327256329683521, 8.277394323263135, 0.31112994740020616, 0.6288816880480488, 0.6635827477927628, -0.13174015531589123, 0.6472976850695743, 0.11671454052309854
1.9402622676961732, 1.7479364319201178, 2.7666589419918957, 0.6394465100024669, 9.23195977008504, 0.757156374595129, 0.2577021008700546, 0.32674663438757406, -0.255833598406146, 0.03035259970176765, 0.05804231476911809
1.607265615971243, 2.1988041522014745, 2.5292465160195845, 0.40630565493960263, 7.5069881054918595, 0.6164649487921326, 0.8266653765781196, 1.1291065352555523, -0.05526236829676842, 1.0101514734367043, 0.17689132068226818
1.3122017965189032, 1.269993187541449, 2.7752859638226863, 0.5448410750660495, 7.174793539227137, 0.6747928414626736, 0.5598064466837489, 0.7417377095141431, -0.04703673187579683, 0.3191608878093896, 0.11815460480691399
1.1765427072296373, 2.4259531912561734, 2.47850659122012, 1.1412672174570515, 9.486422162775485, 0.8950035708591639, 0.5196156874954335, 0.42095461196958894, -0.5010234074080512, 0.10961295265606025, 0.11369795695485664
1.2162655021606705, 0.8203436299885671, 2.936750959971639, 0.8462108238970041, 8.76646604159398, 0.6394124250561987, 0.4051162230516134, 0.6980282040089599, -0.3166276877521807, 0.07797661704241104, 0.10955466108818655
1.320447138482153, 1.644410367859117, 1.355495348850435, 0.4297319391869362, 7.925557167438864, 0.6683629302283292, 0.46803179164754316, 0.9860998416283469, -0.5984188373329263, 0.2347667994364826, 0.13139509930289933
1.8853797400943577, 2.4568920174347078, 0.5891074614627116, 1.1056251613462913, 7.489557664628857, 0.8699480241286632, 0.6417048651616168, 1.2751652629461467, -0.3253058835413692, 0.42220279137105887, 0.14767808579374106
1.386283685630715, 0.8636930810857677, 1.0128204915991277, 0.9513215722584829, 7.315325525522911, 0.41901299961638905, 0.2138450580197562, 0.6081194369690581, -0.6336777511117901, 0.04017151747781737, 0.06970989651992568
1.7857739051951036, 1.0916246271409897, 2.496518543705994, 0.5382623575111207, 7.744978188597974, 0.5099068160056591, 0.848723653847288, 0.5354820560256661, -0.07440148763110152, 1.1898556510886433, 0.1318247191690898
1.6025488077896315, 2.089994721225377, 2.0280987803887647, 0.7919725361644119, 8.849147106508232, 0.9248814374357655, 0.5855470761535573, 0.8131235357284912, -0.4397108349462878, 0.2761877956722582, 0.13783731471121427
1.8675295842448123, 0.6433009280846839, 1.0027469693219317, 0.533867822717512, 9.46305794425838, 0.34902415049551994, 0.7136840887407692, 0.932505554992175, -0.7275819847675795, 0.5770680123802379, 0.1612014573783381
2.2078310488085426, 0.806037019948135, 2.0089039842952627, 0.7117084917269169, 9.49349951270733, 0.3017267767700353, 0.41771078069716705, 1.157404505796289, -0.4918497895962254, 0.12233510063432934, 0.127919921916764
1.0004830156495976, 0.9836316899930451, 2.015481626222238, 0.9714849174097931, 10.141264927910777, 0.609600476210574, 0.4972765354677687, 0.2950347848127563, -0.683605760211864, 0.11322678207110469, 0.10534295146033401
1.6505337561131592, 2.4755577738225822, 1.7666133799108321, 1.0998292786185173, 7.806239114513238, 0.3065067576110718, 0.7945167260837722, 1.238619815979257, 0.005506958865164434, 1.3580052678917618, 0.18103343345064787
2.413124310876918, 1.2187657625655088, 1.8582412020860057, 0.38914447478911174, 8.80717140397403, 0.9885014340719305, 0.42978516060336325, 1.4258014837343451, -0.365868151871276, 0.20548465593585685, 0.1357813552477455
2.020407481584681, 1.78711966647866, 1.8393205315639611, 0.44052344665595633, 8.238053772286314, 0.7729830432591831, 0.6105214540865852, 0.9813944979506966, -0.2959164503039749, 0.5814898981642351, 0.13770130178774706
1.8887095368868874, 2.4889340098897215, 1.2813533013775324, 1.120092976541442, 9.709491968190584, 0.3587400298602358, 0.2057804619575612, 1.4938940604006592, -0.5286269594260091, 0.01443076393084486, 0.1273694886524754
2.2266191600163956, 1.939994949492596, 2.64435028982408, 0.45882580960740993, 8.823486272747088, 0.6842140588631487, 0.6298419068767547, 1.0042785708708435, -0.10070837533011151, 0.44783358224124936, 0.14375804507377324
2.4069236796186115, 1.2319485528683334, 2.018970214427383, 0.5219808501785301, 8.550984080728105, 0.7233877388947387, 0.6582323535839071, 0.9287646394364368, -0.23147602481084215, 0.6804992530596854, 0.1339565225226397
1.455516700211872, 1.0309802990413255, 2.9408883080929313, 0.9915783311450139, 8.637639004595396, 0.5697030255936393, 0.37689692825899346, 1.2506254772742569, -0.22575547178868163, 0.0700057549971223, 0.14030037831849768
2.412822447020653, 2.302944209640696, 1.1952381475227143, 0.4741068987519953, 7.722238890171283, 0.9149642912981057, 0.6466637894817331, 1.4790856976648148, -0.11030273533094094, 0.8609990105039019, 0.1546599033413804
2.007678978063146, 1.5850459306402045, 2.9339950777739916, 0.5017784269324423, 8.240245620031398, 0.3984921989277489, 0.21620587406796044, 1.071515715185314, -0.006178659282650894, 0.024572731259651398, 0.0963267892204749
1.261745367623965, 0.5883446352336574, 2.5365072199994665, 0.6136028790192696, 7.684576272188822, 0.3291686577681324, 0.32507202293088133, 0.8003295940736463, -0.2981419028257621, 0.06967092807079343, 0.09918343775701942
2.7149726040631554, 0.9761785106111778, 1.8629160132410298, 0.33342072903400294, 9.589995547421521, 0.7350690090680111, 0.45230840125950533, 0.9389357126533469, -0.41719060437586386, 0.1896920809565752, 0.11195352044844185
2.203150050252159, 1.3813461002215806, 0.8285841237562881, 0.9884429576401853, 8.99021216691021, 0.5135539391747658, 0.7521882751250171, 0.36020209649352225, -0.5073682905591557, 0.8811545449569598, 0.11741918373969383
1.544918531283656, 1.4369963680658133, 2.5517405142041896, 1.0862928543666646, 7.079907552382247, 0.506608916895838, 0.848475376843467, 1.0748637829358265, 0.020753756699329606, 1.1495709433028554, 0.16902747751963942
1.5164429423405035, 0.9988695138076612, 1.0070760765737927, 0.9635363053605651, 8.799599328691766, 0.5702837047956983, 0.3673810164177938, 1.0849427591914882, -0.7061359300480036, 0.09650702639473545, 0.1268412987064221
2.113796892182819, 1.7167772648680257, 2.1279795979251785, 0.6757769906570241, 8.762541748516286, 0.47737149134739854, 0.35213965207525455, 0.5699587215192333, -0.2978057114002047, 0.10670430880151527, 0.08282239288440905
1.5750055893058668, 2.1062633310089405, 2.5791040510455243, 0.3675445479628768, 9.234234574799768, 0.8878464624925622, 0.7313338710139898, 1.258927424246971, -0.3643437343911848, 0.4354768667191607, 0.19369200861576247
1.647773762114909, 2.2817518110727564, 1.556391908385202, 0.35699578020236916, 8.934340901485609, 0.32058953268978446, 0.35289343534266215, 0.7623124303680306, -0.5076758809656814, 0.07888175640204384, 0.1031227827132534
2.179775787917019, 1.9718785109237589, 1.2499849052143643, 0.6058640541219118, 7.879208056045151, 0.3471627513480822, 0.7377324152047589, 1.331256964159877, -0.24826456376855133, 1.2351783356588897, 0.16552047094130104
1.7234770599373919, 2.495911883014421, 1.6851792997477995, 1.1631777414014386, 9.136994145402936, 0.5518981256762785, 0.3680548215007574, 0.687114390362546, -0.46404268580565017, 0.06637875844023369, 0.09978527586834389
1.3991480908454879, 0.8865007090522801, 0.7949189452457333, 1.0241029414728784, 7.848693612752791, 0.9793196083096858, 0.5147534170100032, 0.8739944301100442, -0.6667085133796858, 0.3036219364305912, 0.12438117902987869
1.9780528194930045, 1.662279321414886, 1.6838797063213655, 0.617786647808089, 7.448763091632038, 0.8661893691298912, 0.7866398361535045, 0.2885819184426638, -0.1779578483044661, 1.5856205820793152, 0.10378867414823617
1.1628665816761596, 1.6386370016918423, 1.5102098940480482, 0.7855126697156892, 10.076729990128548, 0.4827792027372405, 0.48553487150458957, 1.0613009419452366, -0.7392385981547238, 0.11020075788721032, 0.16036769288082722
1.5586670712501762, 1.5454993792567095, 1.0299478250802805, 0.7465229533722735, 9.794002051837433, 0.48369252480730923, 0.3277425800140982, 1.4424826535825945, -0.7459667356375791, 0.052185451973797065, 0.15022398418790545
2.7098675317287206, 2.278219078244418, 1.619259581319637, 1.0160148074672966, 8.397262423467463, 0.4014620360374503, 0.8043538583836585, 0.7066875522582381, -0.03320810280173171, 1.4117046336208308, 0.13501340501739378
2.0413831486370824, 1.923621478926754, 1.323931990944435, 0.9427815217439437, 7.5511255033886115, 0.7902001602774608, 0.3474230797855553, 1.3614592245537844, -0.2921084065117925, 0.14888140211264309, 0.12401312078931369
1.2112121877202653, 2.4857070314648064, 1.6084893130114128, 0.909433819786265, 8.564125979333147, 0.8817877609601115, 0.7532043229213938, 1.116980757697472, -0.5434701154806071, 0.387281976363648, 0.18641174815260456
2.574472389795707, 0.5706262818429315, 2.5242279704658004, 1.0963411158019198, 9.262393329446319, 0.5112474358074387, 0.20964397459414455, 1.440559392456973, -0.25412875317076844, 0.015729861858421127, 0.10625848145544296
1.0432385466403429, 1.6342244917393791, 1.622150704271896, 0.26094159865307076, 9.788496178973935, 0.5669781448993287, 0.4747696530998463, 0.2993337403876516, -0.7411983265011728, 0.1232815154767366, 0.09926378738498898
1.0943503267869321, 1.8309639959437676, 0.5629775018762004, 0.7288618212784147, 7.864575041257094, 0.9631281599354418, 0.42370991900769994, 1.3836950624695796, -0.7540832487489901, 0.11350371735991385, 0.15570094312919536
1.6244624973131065, 0.572890963420034, 0.8482462508121836, 1.1729285125287952, 8.049738589818645, 0.4353233228708465, 0.3757718260859998, 0.5583101346343085, -0.6228270459287901, 0.12591805337347264, 0.08372280611394672
2.0006973584807453, 1.2262597872485888, 0.9876831337873491, 0.8513069868250213, 10.117926862371359, 0.5402194459158483, 0.6166432767975698, 1.2821477152839609, -0.6910010293137097, 0.3091778619374273, 0.17371865345237894
1.3090519064695425, 1.4213079955090817, 2.924966432893226, 0.6668061042302433, 9.351573072963005, 0.314466576065437, 0.6874416681697344, 0.8039591141549036, -0.2787879319528053, 0.3727392092906958, 0.16369660588211446
1.7044739915744875, 1.0054134927404776, 2.801998850301365, 0.3616142082493823, 7.00117966444277, 0.7356685785734987, 0.8113315284096663, 1.170401669656426, 0.15417790953206975, 0.893746109439416, 0.16015549919757177
2.3728471158010356, 2.3755379825026646, 0.9015032219607342, 1.0130784828909662, 8.748378480208594, 0.923371393795499, 0.668602504944068, 0.5900181501901254, -0.34302214449639856, 0.5534273969673038, 0.11615298367803917
1.5543962355086098, 1.776362816948182, 1.41374053731693, 1.0279649990629225, 10.360888456971042, 0.7588625470123782, 0.5430337432889756, 0.24440416801878542, -0.6756521399811424, 0.15945755421894, 0.10398461569915525
1.879658632517407, 0.55993165301859, 2.7308460645315256, 0.8612141847252925, 9.934024013572383, 0.5952338705156415, 0.49932923908463167, 0.8726395648500396, -0.4223151506984079, 0.12273589747551716, 0.13054414440804976
1.7083483222323563, 1.3025276551597167, 2.4599619879864436, 0.6502025430029714, 7.9801317984229945, 0.5029712654327344, 0.5891044040945079, 0.7834960432771063, -0.17991520942463313, 0.41712921370597905, 0.1250230283727069
1.7907509115410722, 1.8604357214018405, 1.3819111276191902, 0.6995736460634274, 8.392683052791138, 0.38259696967159024, 0.39226949370013975, 0.8468045122761643, -0.4821571327871078, 0.1499905780336801, 0.10789351189057925
2.4154104748148413, 1.313120928886851, 2.0921690902828556, 0.4783935467696925, 10.382067261845457, 0.5356475484046698, 0.353776934442421, 1.1278756560597893, -0.497332199318269, 0.072298930062316, 0.12001382092508721
1.7494612030364092, 2.0835751931770536, 1.7736409887421378, 0.7719718976973806, 9.214698724330319, 0.7098321730208055, 0.2678221351364438, 0.38875793397475744, -0.5051367028778359, 0.03600467893100023, 0.06519746036094148
1.5509653326128743, 2.1168159095243215, 2.416094415670764, 0.45230173669368817, 9.162189893778812, 0.8456736968978853, 0.7263228379549584, 0.7171009931034422, -0.3911261005140723, 0.44985992974507893, 0.15597746872343124
1.2056662007504357, 1.0219461711729527, 0.6013315591702308, 0.7899583302214799, 9.591248658747261, 0.9301170433980135, 0.23653120636949626, 1.1539621031142577, -0.8708213486097076, 0.02038730534188421, 0.12355506682892155
1.6006983366075613, 1.794444313738798, 1.89501871098621, 0.7931296576829616, 8.757052514244842, 0.9074816804573596, 0.20421819515500717, 0.30644105001607036, -0.5232001371813906, 0.01924439584713389, 0.04985079839505488
2.7302398619256136, 1.4535936317740354, 1.0890292072650989, 0.3513203163220819, 9.648812067686354, 0.6891327433066723, 0.3292896904591057, 1.259533954676588, -0.5194330113860738, 0.09572694685784483, 0.11338048830177286
1.4017480205189763, 0.76868745300347, 1.531098886472571, 1.1747996964261218, 9.54401364135701, 0.5003031963153804, 0.8215021774013609, 0.5805475894752727, -0.5985560841858729, 0.6308215770595541, 0.1622595786695456
1.6366340817784115, 2.2217873832304713, 2.8846090348012536, 0.7382588109644039, 9.473809619457818, 0.587583033812997, 0.3516622441748266, 0.21580641626247807, -0.30075364835986274, 0.05363031463384313, 0.06807990666799014
1.8329975362600848, 2.2692837124759335, 2.208241104224432, 0.2760920786904981, 7.04434556909979, 0.8487436389099927, 0.338095760975886, 1.4974649342101596, -0.016501270091207124, 0.11362082053707045, 0.13378784495391302
1.3591904179026957, 2.042548978598782, 1.9830822041893434, 0.6870794669059934, 10.28495846840282, 0.3657150223626929, 0.5631701562429187, 0.7552664542550542, -0.6111001583842868, 0.17115182152613292, 0.15009907140385764
1.0915251683781022, 2.346290872784682, 1.154937541012919, 1.1237837941953681, 8.926690127760521, 0.5001827913838346, 0.22606343550499222, 1.492712804605322, -0.6748870338986334, 0.014869211566800841, 0.14599450419875212
2.1636758447912516, 1.272766483874682, 2.234461640567507, 0.6141088001684891, 9.104819059235433, 0.4366634681569085, 0.6967485688993138, 1.3912943488104625, -0.30776615901072624, 0.5919737157588866, 0.17680551939320138
2.437366247603399, 0.9036884761763146, 1.7510668874306783, 0.9258569057248681, 7.1614021711981035, 0.3003054261129018, 0.3492894447468299, 0.34600391831457167, -0.07385357815057027, 0.16700869275007452, 0.05406585728371283
1.8075592902708126, 1.7909881258270408, 2.084130746856138, 0.651557044768255, 8.692753027393913, 0.33908703206664353, 0.7959696521362158, 0.7838754627120144, -0.2639237442541262, 1.024484103831603, 0.15937556566368585
1.914646648617202, 1.461286991083933, 1.6740083992308923, 0.5896006955761043, 8.388062001227755, 0.437583384964177, 0.7788552581338004, 1.0911204320277552, -0.3770083596539451, 1.103567731244838, 0.16852072008763572
2.507740198514723, 2.26361029141599, 1.458836003478008, 0.5302646853739933, 9.34207321708124, 0.3439111963017686, 0.3822031740221927, 0.34143633782983684, -0.333806466467038, 0.13911545282392834, 0.07194195003350615
2.0774606653536334, 1.7925177255328097, 2.26686851613242, 0.7390557787018766, 10.364053201860752, 0.6433967048049196, 0.22008898652283596, 0.22880643209529056, -0.4809253912160161, 0.01764491592455908, 0.04954644916841062
1.7629714584384124, 0.5467064802062147, 0.5480527967304326, 0.43916805716693386, 8.509339535521141, 0.32021973625689626, 0.6127336411115083, 0.638989319211496, -0.7756342344953556, 0.5199851090672685, 0.12007715559520875
2.1939838754618135, 1.0841732563301076, 1.5824786638476134, 0.6590572352185755, 10.09590350437896, 0.7930398337424995, 0.7775404854075838, 0.7327398890096326, -0.5769328401624065, 0.6559437267751191, 0.15985773030362907
1.1594342896107868, 2.4697715705429113, 1.797833894487844, 1.0138707042727733, 8.42470077196131, 0.9521774478255449, 0.6653023345101141, 0.5306240483291386, -0.516237217123256, 0.279156897132113, 0.13065308798337355
2.2409312650492303, 0.8549939963041784, 2.7350472848301424, 0.9570467654501946, 8.54225466573779, 0.9909098423054135, 0.4000142139553121, 0.39636049087406333, -0.09371304375751296, 0.09617445886753034, 0.07194814810427488
2.1545066903146983, 1.3162565537795485, 2.18238713888311, 0.3448006031475766, 10.402422474086608, 0.590231042958454, 0.6409591999234056, 0.49671777856102606, -0.4961255353446087, 0.35670048929988396, 0.1300384374242276
2.2287861867997587, 0.5310895255920935, 0.5422751916108273, 1.0845835851475791, 9.25143110443485, 0.7406092528580595, 0.7356591525709519, 1.491392076543214, -0.6376068639678021, 0.5696860567251327, 0.1825032312050462
1.441792686128712, 2.363315356203033, 1.0856499220489635, 1.0933650528056402, 8.353687639853039, 0.7415699077072017, 0.6279280101985222, 0.44401584217868173, -0.5396421771542489, 0.2956677199659915, 0.11104225470655366
2.125995130597743, 1.744166369321003, 2.124390667979278, 0.6313368281997547, 9.141235437779722, 0.35109890191025306, 0.7469009112844003, 0.8974567747518887, -0.28626278217105694, 0.7741834006867004, 0.15851169646949528
2.3941212389632014, 0.6452347747888166, 1.1291335585049607, 0.2705030333377241, 7.156112301115745, 0.8781083442620012, 0.5277846580721735, 1.2070547645359686, -0.320206109996569, 0.7043486036572661, 0.12202486654772655
1.2493650381595194, 2.002760924101301, 1.9552900611418784, 0.3392572812421226, 8.436030722941705, 0.5800635639836206, 0.5174338313708818, 0.8531680825419947, -0.5135615969755113, 0.21462051172611468, 0.1350513207539916
1.8718234743000348, 1.7629653140677932, 2.0582905248333407, 0.8980955056522348, 9.575088852720045, 0.41377069708871134, 0.40908995168642526, 1.0699066151665633, -0.45707987676960943, 0.10785668317046962, 0.13144886040550774
2.0956632633375563, 2.108794407834647, 1.611135957084938, 0.46371388267517744, 8.07190160877233, 0.705931399274653, 0.7123023917383935, 1.0820437319842653, -0.24008231245554387, 0.9179094819936634, 0.15283733140444383
1.732248312167887, 2.252597037665902, 2.3381041113769143, 0.4268073211863487, 8.229340900090754, 0.46000320848838816, 0.21860902009571093, 0.484467491323821, -0.23082499232498366, 0.027646986230940335, 0.06242823363427306
2.398025397122896, 0.5061439937956768, 1.4746811063478926, 0.2693743357686399, 8.865413954873805, 0.3157304622397366, 0.6945991435935417, 0.4474429916044479, -0.5175274892468587, 0.7224545569575097, 0.110946399756358
1.7441153146452282, 1.8863273066913726, 2.8932732930773994, 1.0169530155531903, 8.655533671626056, 0.5163276574324022, 0.3562024841711465, 0.34317825711471256, -0.14200478983092127, 0.07117510863281415, 0.07209626748837764
1.9179349090985838, 1.9613966862601109, 2.142773219324098, 0.3137342022866896, 9.999957656395736, 0.8603592597464127, 0.39144838071585925, 0.3685238917708879, -0.49744744860093515, 0.0886470226340369, 0.08426186084674554
2.365843850896832, 1.558140702316916, 2.3051452347640713, 0.6320581988958998, 10.0821724341264, 0.35402504247282385, 0.3368086055785623, 1.322250701861946, -0.3905400834849263, 0.06550898400677269, 0.12778690844410448
2.0660882065092303, 1.4576871694293883, 1.332874609467674, 0.45158814812829906, 7.119536432371721, 0.3882670733219897, 0.6950656997132896, 0.22094601402640213, -0.1942306721102006, 1.6943846842190855, 0.08480850155727239
1.9550571541398716, 2.085740057224154, 0.8542718166365959, 0.7099396144944219, 8.456892583382212, 0.9262691807076604, 0.7713726444428555, 0.9432272032680196, -0.4782087058389542, 0.8319092987743644, 0.15464432339387713
1.6178222625572745, 1.6746236749962249, 2.9116840549151513, 0.7028616107531813, 7.9107805134641875, 0.6726820052019752, 0.7704165367778706, 0.33607025634482257, -0.004540751436155538, 0.6882457153804361, 0.11756035289377906
1.2996641896645478, 1.0486164926396127, 2.503594611628528, 1.1225824408301779, 9.950879715110446, 0.5391477147361913, 0.645895687228796, 0.4486143060377097, -0.48436404249502146, 0.25041711291222496, 0.13557157046350768
1.640672673435147, 1.314061195260086, 1.6786873205249664, 1.0388029542877018, 9.504639408878582, 0.9656809831708273, 0.2494813237799839, 0.7294491643277212, -0.6296954670039101, 0.02625387309366561, 0.08853312081992044
2.441292121525968, 0.7165143790015376, 2.262561712281795, 0.661716880939057, 10.313579954980284, 0.7774391778256113, 0.6397403980761548, 0.44291091046533937, -0.46775050047472555, 0.30630987676222776, 0.11843674542571535
2.6115709460971344, 0.7546592034104669, 1.5698765175481937, 0.6918060647998483, 7.730791439327723, 0.7487994088054308, 0.6262930036901595, 0.752464315544505, -0.18937605234626753, 0.7444769555895939, 0.10678070840818692
1.4093826400745142, 1.118480557810158, 2.0974385449085378, 0.6758312356151045, 8.6980310075594, 0.7069545085615352, 0.235793974861635, 0.5919926590361941, -0.544383596614618, 0.02832000179005758, 0.0765413007150346
1.9650381940765096, 0.7589107946262657, 1.7129243530306841, 0.7042882262058141, 7.503742477289868, 0.7539588858740037, 0.8495550987010543, 1.073204025857826, -0.27518498481970904, 1.6104231949608019, 0.1583420706713514
1.1556956644767626, 1.4659057428625664, 1.561151539239007, 0.4181621433116296, 7.839033975816492, 0.6044848832314595, 0.5057566403546765, 1.2503143075183296, -0.5977731713642742, 0.2827631198721162, 0.15811999769081012
1.174670586078916, 1.8831623856440105, 1.903745064575558, 0.8384088991157812, 7.731688162505787, 0.4867490279707646, 0.8098401736657228, 1.00164773397447, -0.25843456030623335, 1.162160613261414, 0.1785820922150947
1.4202987096273616, 2.365406607273932, 1.934086069821391, 0.8734472738996494, 7.425413018679321, 0.4280200355749536, 0.6095690141017698, 0.8938318057809544, -0.17239871972953758, 0.5085930733165999, 0.1385563716885008
1.1069875375266747, 2.0725710239470216, 1.939094404315876, 0.6189324856429975, 8.771561024108575, 0.45499917167183934, 0.7541403865067797, 0.41752060596907925, -0.40232738656098593, 0.6846101191945805, 0.14143401915338244
2.35473469889849, 2.2566518403216227, 2.082253060875828, 1.1677409242001628, 7.245914841043166, 0.9965938809682062, 0.3050128652204209, 0.30110240578227876, 0.08478698595079907, 0.09940284542145175, 0.05017204358926392
2.5488753828798485, 2.0219052617649576, 0.7044966440992596, 0.9939542763636987, 9.813341772285824, 0.6202796032322719, 0.30888624109265006, 0.405119306971635, -0.5385579774368658, 0.05855995153679683, 0.06636925807324587
1.0062466350727692, 2.282325693110711, 1.9744155950394346, 0.7754668998336453, 10.274360281472376, 0.9139615747660279, 0.6255811512469122, 1.1828070696014863, -0.6896967342748133, 0.1538712941531944, 0.19807826005169774
2.1870855140208656, 2.163816095740799, 0.8267293245576739, 0.380145656866515, 9.77289255275238, 0.5893852016282848, 0.797029830636607, 1.1327476246312222, -0.5521051780955891, 0.724788672612668, 0.18272902211632755
1.9389657828861124, 0.94436388254258, 1.0903091619967324, 0.491789312540821, 9.095164063983166, 0.9975022377338119, 0.2867623629818729, 1.398052920410627, -0.7157266476726194, 0.058820032878134414, 0.129159732744738
2.2467567306601373, 1.4750740591109641, 2.072577532485814, 0.3326675849277785, 9.098234442297617, 0.5828710412401856, 0.39869857944296194, 0.922235118286304, -0.36135333805071435, 0.14902459336716176, 0.11004812847968423
2.7587720671519813, 1.0060035463675192, 2.7639953835920776, 0.8696470672396849, 9.98143262800193, 0.46130861316054755, 0.3010264402538443, 0.8581426305298718, -0.2176632121752839, 0.03773680085721769, 0.08842933961263043
1.8224485990195465, 0.7364008143055818, 0.5435012344319268, 1.0456663138932654, 9.477028869065432, 0.9173865606173637, 0.8453445104118493, 1.34282468698734, -0.6958293743577955, 0.7488868619202262, 0.2033790961514751
1.2736022597011225, 1.9851613454684183, 1.8288523426489263, 0.8764115686129637, 9.308225883339928, 0.37699925154762703, 0.6450715984965428, 1.3792606768935691, -0.5268079669022834, 0.34242395498921274, 0.19887946198351655
1.3670313566437489, 1.7605690862193355, 2.1143032185588555, 1.0878412159008461, 8.97038634597806, 0.3055101990011871, 0.5788147267968999, 1.4428010788943082, -0.41291295516950893, 0.28389525983712477, 0.18776972851204846
1.493415445564732, 1.6606950723311273, 2.6461524508261274, 0.2905129376978065, 8.341762719010326, 0.5188178471566213, 0.4303514142563569, 1.4637097050783583, -0.2663947711089933, 0.14325242127936266, 0.15928226018579153
1.4359999270924615, 2.1031639460253277, 2.508916181516317, 0.47994508206985625, 8.178200478806634, 0.4811137149087586, 0.6040753901626927, 1.1009127345821912, -0.28582887930691425, 0.33072641637757066, 0.1594545730673005
2.4685577113084207, 0.5033111883609102, 1.2655698473427637, 0.32223249465749715, 9.071363228399962, 0.7630051728404168, 0.2167181974775999, 1.2347734614422825, -0.6012924992411673, 0.03316689517698521, 0.09938275489577791
1.0817323829442105, 1.2032930585519592, 1.4316593081981008, 0.7619242502877105, 7.570795893453379, 0.7824244057151823, 0.5038877282694291, 0.5783912573820755, -0.6147985964102176, 0.2855723368563984, 0.10579788250222918
2.027888294216619, 0.5102728872154498, 1.1380897398132124, 1.0474601002606034, 8.596151815271678, 0.9774753266860103, 0.4948178501898154, 0.20242127661735287, -0.5904523747961734, 0.24522545270555626, 0.07235601205247803
1.7256921998451982, 0.5004621050434528, 2.3218894131879697, 0.637453584161999, 7.176836407584024, 0.4733813092444465, 0.42012016260618534, 1.285146189503194, -0.1571408087899966, 0.16948885235209732, 0.12919182532466947
1.3172102845153146, 0.5517795673380214, 2.353508622169089, 0.36497276436626885, 8.901720170582065, 0.33066571411509543, 0.6998244855531148, 1.2712484726630364, -0.5024548588522697, 0.460814565968925, 0.1880706541030304
1.0536594509928714, 1.61817874104166, 0.8620755095476997, 0.44204411434589697, 9.909091804029895, 0.3661606232136392, 0.20218748814130585, 0.7760782760485867, -0.8282683697389602, 0.013212366554298475, 0.09454599095362937
1.813829596072059, 1.3222771572874896, 2.476512927970708, 0.5471549024753426, 8.703496272136864, 0.7990082944218824, 0.7782073797046309, 0.6252323835097116, -0.25465082863427635, 0.7535050515888959, 0.14309752563363873
2.620737735149717, 1.135908323891299, 1.9662662399703097, 0.758430966077485, 9.570083531017188, 0.4647834129717766, 0.40712290217392816, 0.8817771096852074, -0.38460174268651603, 0.12990509153632854, 0.10463159077917225
2.0149173263544915, 1.278045128249312, 2.9762059975141764, 0.9808475202030594, 8.48304024319076, 0.32764027495919723, 0.4919140792829896, 0.37631053329808595, -0.0011544329302453093, 0.17839243976118918, 0.08534119874602766
2.7487962787517315, 1.7753538883444293, 2.7793688982224007, 0.7558858936184125, 10.314933435553973, 0.5459380076946753, 0.7636806303005299, 0.816649400426694, -0.15278003839619092, 0.5579483708448058, 0.15702735855455102
1.268634667935487, 1.6896989008132697, 2.7291536604057347, 0.4073203386256047, 9.2200665674509, 0.3224669303061166, 0.20037127600511617, 0.7006978891512707, -0.4296740903517199, 0.0141427757439233, 0.0841954559145961
2.342235260126894, 0.6215201973909006, 1.1703583442575494, 0.8915407732941857, 8.756061601354725, 0.7513968067535762, 0.2504315772149358, 0.8639756076461942, -0.5985677673666923, 0.04139302247610084, 0.08355265372010763
2.0097866625127216, 1.0546251760500152, 0.77166968731989, 0.8054209930041715, 9.869973473484073, 0.3990923860781956, 0.35710034279236424, 0.31787340646629575, -0.7481867233898519, 0.07736550335065762, 0.0727775463546277
1.1306509000515503, 1.7308765619679785, 0.6464984843205871, 0.5851868118657, 8.790358163293662, 0.4947970227473807, 0.445289955475394, 1.1445366828648487, -0.789399749517392, 0.11903330672163182, 0.14902952922479018
2.5298966892618164, 0.5207197772249756, 0.795006429769756, 1.089749744845619, 8.307159015342192, 0.8743520400159674, 0.2524492125403081, 1.262322776789791, -0.5416330858115426, 0.04657819275012018, 0.10018012887449004
1.836099684102523, 2.384121074517441, 2.8635481076553897, 0.4733904225007175, 7.238831024018325, 0.662802890008986, 0.45130986998169675, 1.4164666834784863, 0.11910347475513441, 0.17792017573754154, 0.14366574976942503
2.53413709044529, 0.59835142696969, 0.8957237122945294, 0.5038390207396393, 9.284193769175854, 0.5822904323087361, 0.5824004434713335, 0.8850689029503511, -0.6448415477186058, 0.389359821312432, 0.12606255226448412
2.445844560378564, 1.9998385412190864, 2.2072430142024593, 1.1492699915522877, 9.654040810494852, 0.5964528953545012, 0.22824283829758524, 1.1690512370036616, -0.29407641722705347, 0.024829227239595627, 0.1010257627684041
1.9927666384906, 2.200950872769179, 0.9085475161314076, 0.6744739829326727, 8.07625304728418, 0.851964228686922, 0.6616945406592396, 0.5554633218947324, -0.3942916056690526, 0.6351166150916179, 0.11219590901513583
2.6055530097613744, 1.2928334020381507, 2.2032080277343926, 0.5072442800023558, 9.390087621980516, 0.32424677521690515, 0.8249493318312762, 0.6501354459831393, -0.226451871283736, 1.0092135121416101, 0.14513706618556171
1.9237686798495504, 0.9318714338265945, 2.7495678876617604, 0.34559918942024465, 8.539490242398431, 0.5055834962059587, 0.60919056856545, 0.6708508586613058, -0.15732860565566487, 0.3533974361031005, 0.1187662120097957
2.371405287218395, 1.1497434171595373, 2.662953548086968, 0.8487689556651273, 9.613060342509966, 0.6933196761375642, 0.6005803311077682, 0.9336633149199236, -0.23459820155194977, 0.2815807328595275, 0.13749773245566757
2.2612016720171715, 1.6653673316449942, 1.3009927530689334, 0.3435789706303058, 9.458514199687821, 0.34631194817314176, 0.3145818415023489, 0.9474043741394373, -0.5372077496318644, 0.08048987017636564, 0.10259449025368667
1.6744428168084473, 1.4391426986469642, 2.689481754425944, 0.8280692777283234, 8.886581038350876, 0.6759804419386385, 0.4866068679643205, 1.4491171042827216, -0.27871214291509433, 0.16543994003827758, 0.16466259024615282
2.40254433362934, 1.9628962424979177, 0.6046002616832619, 0.8009108046908648, 8.954467353611008, 0.7255914112205082, 0.7646930593196477, 0.5534809463084409, -0.4557013760387214, 0.9357415345531438, 0.1276669300608046
1.9985756039772173, 1.1288882083574205, 1.6451509085689477, 0.5964435127487984, 8.909526835901136, 0.747423716513343, 0.24744749576722108, 0.31130739161391563, -0.5565333375468895, 0.04149013489099611, 0.05330537630827166
2.463642278876619, 2.265213664106172, 0.7534693152158305, 0.4081442735862945, 9.924679172597251, 0.480036359401274, 0.6076510431203471, 0.7743418226981205, -0.5148995621043059, 0.3717454013574219, 0.1317701927795133
1.1097925543456066, 0.5497957670120409, 1.5284705932281355, 0.5118648641460065, 7.568589704645301, 0.5593225582715933, 0.7710004176407677, 0.5417292914391055, -0.5845471766136604, 1.0606815804841818, 0.13187838497615303
1.2298370539056842, 2.1733556784893056, 0.7013975551921998, 1.0527225381439886, 10.08875956961128, 0.980651009424264, 0.4776535083274394, 1.2482169971601687, -0.7874054204918642, 0.07590709911405438, 0.16691218332518473
1.9856469991234438, 0.9851647809039863, 1.158445883489521, 0.815293138047789, 9.02927442501689, 0.5940303115236298, 0.24400665461106766, 0.3122932328939589, -0.6642368465786154, 0.03696630230492377, 0.05327604157035239
2.3878590239008046, 2.0665202523824044, 1.3759675978230774, 0.6353430586849094, 8.312641516873846, 0.5418391957963403, 0.25600916956745, 0.9297362095803168, -0.27352956299831704, 0.06537943774355949, 0.08684401110192994
1.5905206476464215, 1.8407695649078248, 2.7237704494019854, 0.39693365799462454, 8.728872757254582, 0.79768629567136, 0.4286178520622839, 0.2356678711994296, -0.2694427405999999, 0.12265994268893347, 0.07446852325534564
1.0426444264322785, 0.7108127814749536, 1.90901292751981, 0.25215228949208557, 9.894631933730947, 0.8978934600971542, 0.7915071766597204, 0.6850817420621953, -0.729432893295203, 0.4998334865220384, 0.17854203771465108
1.438177926272932, 1.3897595374576497, 0.5283264002125647, 0.8676552529942483, 7.470281013952348, 0.5075470040955024, 0.8375824189715311, 0.5748687079659004, -0.5757309773051695, 1.402573588577818, 0.13282708379578254
1.478246357212879, 2.0281460836370213, 2.4031946493973804, 0.3963967082248756, 9.874330145647582, 0.7881265950793257, 0.7479064384108254, 0.9526040675211569, -0.4934717965102037, 0.40605585053046606, 0.18598869298679346
1.921207509772942, 1.6736457111200078, 0.6875425940539314, 0.9505877722974925, 10.24847651156177, 0.863301327388702, 0.5031611581949156, 0.8047503719836622, -0.725502435188894, 0.14759347477920706, 0.12935652590342214
2.0370969524448626, 1.1531537451496634, 1.9273266067222679, 0.7764949771287023, 8.961732486589002, 0.7943218710949238, 0.5471350803921101, 1.2229484628538794, -0.43180636933178856, 0.3089210141811768, 0.1492360255990934
1.9427710717107483, 0.6623043827923573, 2.8485410784313006, 1.0923399567898222, 8.621955281237835, 0.34280251312741195, 0.8062703976736711, 0.7263189132183963, -0.10660967882818538, 0.5582038491039863, 0.14527974866112345
2.1180001288176746, 1.7676011490262444, 2.6918962516471177, 1.1030259633210169, 10.153253219391342, 0.5214594316155674, 0.4482389120898582, 1.3849027856796283, -0.3135392560962071, 0.10755159784224069, 0.1545997415677266
2.4655213241416702, 1.7438704862531935, 1.4607583480063893, 1.07551584337436, 7.934445522338762, 0.6794235933560648, 0.35839445975749484, 1.14569277555469, -0.19203880925491681, 0.1703361180054658, 0.10675420701445545
2.1880180862329377, 2.492014249393324, 0.9737666390731761, 0.4570903765054577, 8.865558585541086, 0.8688652554777838, 0.5918930269464243, 0.3132682489771626, -0.38825283808706473, 0.382873309603308, 0.09381049580639228
1.4931935997751709, 0.6583267899155923, 0.6377113818050393, 0.3118238385241359, 8.91554607576386, 0.7894280041853953, 0.30372216499553595, 1.4536849935862604, -0.858973329072479, 0.0660259993312255, 0.14450816879121703
1.2101334304921088, 1.215678271443374, 1.6824920743253062, 0.7128702618372106, 7.493081201542465, 0.5787288604121265, 0.3244668451931585, 0.9789723447529026, -0.5284281668070709, 0.09830793308387381, 0.11338409937117831
1.0985563458443548, 2.3498132106876692, 0.6060266616131462, 1.1515483174974936, 7.499056820614214, 0.46894245520619415, 0.4167715071074165, 0.5514627103334473, -0.6275059969210758, 0.08561308450940527, 0.09000783616182162
2.082162001601735, 2.393879151489954, 1.378129285346425, 0.5424399050875052, 7.518761562115329, 0.3777350152794786, 0.7893056842160324, 0.6596120617881336, -0.0760893224694962, 1.537020068724678, 0.1296644540553939
1.8374632985947579, 0.8816142600353786, 2.236939137179908, 0.5861015006102056, 8.300089305809573, 0.9092019856532143, 0.4909945798941295, 0.2500689704771197, -0.3335353571523982, 0.24320788642375693, 0.07542007299969555
1.490832913336202, 0.6813272404820852, 2.262423691330035, 1.1394218048023583, 8.52021533473383, 0.6180689624360935, 0.7554556997946869, 1.174136812230108, -0.3597039507223597, 0.5668676178736672, 0.17977840648891288
1.7645920859630781, 0.6351914167231038, 1.8073413950895976, 0.7143224379822929, 9.337977789564889, 0.7196923880907766, 0.33522795105791925, 0.9265576124732304, -0.6324027080660558, 0.06517727292640277, 0.11037276581482729
2.4729492106441553, 0.569816675819614, 2.9432100049673138, 0.32429938165924643, 7.7537744420905375, 0.9922121044615002, 0.23386683236204123, 1.1654505043959342, 0.20555646837899066, 0.02327409091106462, 0.09083975958608789
1.890472006057563, 1.2718294875341236, 2.0637374202646104, 0.7318918544299535, 8.694594512623183, 0.48828379409908895, 0.6665211219922195, 0.8345608157749032, -0.3533919267360517, 0.5725865373320501, 0.1416221474597478
2.4231673189435377, 1.4964366439870083, 2.6702045370883942, 0.3603942680392451, 8.61785137610864, 0.3646568860936088, 0.3128267241480907, 0.48594800434326885, -0.046750236358694894, 0.07372894873338767, 0.06759787068265723
1.975415510429889, 2.1107437485977445, 2.699119352889169, 0.9208918290811493, 10.048806755050002, 0.3268504582145265, 0.7812083522982478, 1.3451920333205936, -0.22857984090427763, 0.5693925220130616, 0.20779660296902874
2.7726244174938968, 1.2913975086519884, 0.8932419922426698, 0.8282810567741421, 8.905717469151593, 0.667676938130015, 0.695539741415134, 0.3385358911510027, -0.4001569667324942, 0.8747418811329155, 0.1025100540643325
2.4869086177013005, 0.5940180967599235, 1.2233844906923905, 0.29784176245578975, 9.518034650721273, 0.34431743255883535, 0.5297961043211794, 0.31902112817780603, -0.6368185383649262, 0.2981222833724356, 0.08905254053373937
1.4887597813469877, 0.6784966788344857, 0.7051855826991115, 1.0949408040322774, 8.180865862435326, 0.8959721990270173, 0.4040182048795166, 1.2412736389608658, -0.701833621230692, 0.13822469874743865, 0.13750167554200743
2.671853770276413, 2.3703516798219386, 0.970749980721967, 0.588570973483564, 10.326733251828756, 0.9053225473610886, 0.23835819252499768, 1.4961048207974403, -0.5134208355581505, 0.026328191675473525, 0.1159107092875638
2.502500376046587, 1.0453842159360172, 2.220035723897172, 0.5668626373582091, 10.30660184402256, 0.3365029377440103, 0.6192569738025484, 1.0855269184565792, -0.432716942345177, 0.31726979727645294, 0.1527768347582605
2.520878896382336, 2.3610546761278046, 1.2279624476954414, 0.3665412461857351, 8.607463713608437, 0.7685949619977142, 0.717033845838102, 0.3578875626116953, -0.20628054357116601, 0.9801675594007917, 0.10799073162823333
2.050231837121218, 2.171083863236195, 1.3898963673169304, 0.35924806525491315, 10.023421931067428, 0.7329790072388065, 0.5647375928604401, 0.7534163208028355, -0.5567621878249644, 0.2563901270163279, 0.13343657905090367
1.3265352649393725, 0.8508106740528125, 1.637713270686151, 0.506576531158706, 7.074980659833782, 0.6986018033939432, 0.5268407223096131, 0.6584599279256094, -0.47017257419313235, 0.4807566210294032, 0.10597413334078737
2.3742392499324882, 2.441261826091866, 1.9961221943279377, 0.8808404056307898, 7.7676082444590415, 0.8542352244181552, 0.6528313258908724, 0.7026047126399857, 0.016320582677306805, 0.7001146498938478, 0.11593157554816572
2.707710724557426, 1.324437024823381, 2.1509461717660923, 0.9246636708051731, 9.401500845920063, 0.3038565456115362, 0.5733960523721697, 0.8342370187573336, -0.2350474235095139, 0.3423763396680572, 0.12107801006844966
1.5323139563186756, 1.4420955656826528, 0.5011849529786151, 0.29233402915090645, 7.141005211544104, 0.6116664754002803, 0.754576532941698, 0.4781419688160714, -0.5843082656682593, 1.4972294524922445, 0.11278660089403275
1.4404257095300237, 1.4304887067344203, 2.573211514947147, 1.1242070968639406, 7.858311893391381, 0.45687301379968626, 0.7769977160640118, 0.4334652403750716, -0.09358949649995686, 0.7805363006095378, 0.1277984040398951
1.7153057732021555, 1.1803820461623928, 1.5411347548603318, 0.25501855588298433, 10.217618261337439, 0.4068897944455889, 0.4810317756251121, 0.2226839812263756, -0.7052346383754726, 0.1685023203942453, 0.09055940349076991
1.0800392445566498, 0.8979949645214031, 1.5760371323986557, 1.0171944018894095, 9.730910477389068, 0.803354966952244, 0.29192931673747935, 1.4588457689516414, -0.7549811854368744, 0.030345533617453437, 0.1573056934250053
1.6658259578738126, 1.9741367258690223, 0.7156300824306281, 1.0026908414311544, 10.174304978579922, 0.7959033028108371, 0.7953985394069674, 1.0189126220951128, -0.705030027486478, 0.4260735385517491, 0.19043533420845052
1.7521267421350104, 1.2650372976571278, 1.9234662258147694, 0.388604891564041, 8.494895552811562, 0.42395369632315016, 0.7514750178014653, 0.9729741235703975, -0.4014459210879023, 0.9054297078134522, 0.16215620116396168
1.9832694499799208, 2.427962065360413, 2.215148360765471, 0.2916954257904332, 10.009870847636396, 0.6935134147634836, 0.8310787117883747, 0.20803050581350685, -0.35637715511074375, 0.6822692451806288, 0.14020392741229443
1.2521333819466554, 2.1662469078700948, 2.8691316634240382, 0.8061519853882124, 7.26728571629433, 0.6108703180302223, 0.5810891272426009, 1.4998808665586845, -0.10988256913185218, 0.2702751238496766, 0.18107469369999307
2.3904947021791907, 0.6556090633370482, 0.8435650402134456, 1.1624949760596066, 9.64099361654207, 0.43327011226295437, 0.3337824054991154, 1.102391087016764, -0.653769990209253, 0.06244204097556963, 0.11035620264345197
1.2352682228310605, 2.3243468272012335, 0.9171470520080877, 0.3010291954405627, 9.499715680083511, 0.4658502234920934, 0.6143506534564219, 0.612252280396656, -0.7239896386551622, 0.20461442509145122, 0.1382022648016573
1.2006939466189699, 1.1577330310935254, 0.5868623991970442, 0.8505134589220962, 10.027432977241151, 0.46218394007721497, 0.833600399028801, 1.4691486408256935, -0.810765679535758, 0.4970441407395343, 0.2386184057446917
2.4892740003037863, 1.6916017858868682, 1.103335776552836, 1.065792072246317, 8.473300370611286, 0.639799511756135, 0.3487471994007111, 0.6642825082943091, -0.34595219595407556, 0.13504567319417593, 0.08080731912588818
1.8111759401169152, 0.8352202484301563, 1.589505827135029, 0.3252935861213859, 7.799539451789191, 0.4563609589036466, 0.42538592339496534, 0.712940882851975, -0.48890513194929147, 0.2627681674352457, 0.09719912195461802
1.9480553008719568, 1.282597656097282, 2.1372988320477595, 0.8093613263713388, 7.1322723398215855, 0.8345944351750301, 0.5986040832008809, 0.71850603473181, -0.0474750156170469, 0.6404034592728461, 0.10887985605935682
1.3563294195976354, 2.247583783369711, 1.4558726356093628, 0.9652572819213695, 9.20872132417599, 0.7663501828468624, 0.6738905835655236, 0.9029591282329323, -0.6079177040651107, 0.2954861504566918, 0.16382132320140955
1.4726110815961322, 2.4290683168267426, 0.9293869072327728, 1.1440082845554371, 9.46438233765023, 0.9462959300861837, 0.37888170244947394, 0.3994295170458786, -0.6665445810778757, 0.05207286854661851, 0.08265328027147917
1.9905026878209913, 2.326051674718247, 2.952144609568804, 0.27145457865847794, 7.903728228095492, 0.34899193893628927, 0.39624517779751145, 1.2949227771547835, 0.0812880860118101, 0.12579873319854523, 0.13115256410041184
2.2451776854605354, 0.9004601338885311, 1.8314731873117154, 0.26548417396932295, 8.383000603483335, 0.3746187716260999, 0.49668219025013527, 1.1261533652162181, -0.3690611781022833, 0.3373606084119327, 0.12719676009131944
1.8504971545492057, 1.9055789232639073, 0.8850560129462288, 0.8346143454212974, 9.698724867857637, 0.8814850594928314, 0.5548237554377924, 1.05883496945302, -0.6672618878936019, 0.21840440558371044, 0.149981687344698
2.7605531910110654, 0.8167017771455801, 1.0581587172886344, 1.1767107334100735, 7.89692847015686, 0.7157618070878609, 0.47967812369809165, 0.5758011582454627, -0.2540980152644649, 0.32714130631204413, 0.08116176387658924
1.3685026921877668, 0.7405077368878301, 2.344985885970686, 1.1018910647767397, 8.722574131054104, 0.4896576809061639, 0.7040243360949914, 0.3089655227386541, -0.36864972496167775, 0.45463329919430356, 0.11634208096165821
1.7943514943442298, 1.1473900320152877, 1.3038340095877738, 1.0033652637603419, 7.6256116706468395, 0.42126599473828613, 0.6900925534878168, 0.24280784374526987, -0.3561546905227948, 1.0094181390998056, 0.0921212411049055
1.7141320397753206, 2.131241415565971, 1.9060317813453005, 0.5549531520709694, 7.110963903302249, 0.6872135345159882, 0.44873411327713186, 1.079508724431206, -0.16951631332937214, 0.26211355413309195, 0.12278908569962368
1.005103701560163, 0.6735983077089968, 2.660574980417271, 1.0994749863650477, 8.360921626215175, 0.9617621571638086, 0.39681982280284833, 0.25121462225395386, -0.38356557752761994, 0.0754793174957827, 0.07262490822817198
2.3631645760994653, 1.4168270879816796, 2.3911636705333836, 1.069681080851276, 8.651488605180825, 0.43639014155401973, 0.6583514921438024, 1.1476705743752456, -0.10476013652740425, 0.5263217740668029, 0.14884259623737306
1.1457405999337777, 1.8130742232601855, 2.906611802868879, 0.989655134045956, 8.874145658131576, 0.7677921513003862, 0.2699945677600839, 0.32899626083270406, -0.35625708124467514, 0.024450275445171445, 0.06545426702010446
1.1501928624853195, 1.0885401491755462, 2.839463868342966, 0.44977395249274743, 8.325505781354481, 0.3818768704309892, 0.550896269890879, 0.4103177450348344, -0.2666930643713182, 0.2387457127207627, 0.1047771874009777
2.428851852554059, 1.16112127936334, 1.1460371126977704, 0.6627373376989627, 8.13021411122787, 0.9193439109219821, 0.7606794706668318, 0.46447207218592285, -0.3565050157729674, 1.4141142221973217, 0.11321348704383126
2.1233560352036593, 1.0601014447064236, 0.5773460566614846, 0.34990971917141894, 8.135906093228424, 0.6702676020638707, 0.5777033353499672, 1.484987577823368, -0.6216903604033359, 0.6210097259223515, 0.15811032624042126
1.6894545267587278, 0.9731626212943414, 0.6598773934653525, 0.5460528750327471, 7.630833504501525, 0.671195709504411, 0.6782202131900912, 0.4378258207187581, -0.6340292739064259, 1.0252482510444274, 0.10548193673137575
1.7810072476354544, 1.659941324852261, 1.1273696762510614, 1.0770295604837725, 8.615046519729118, 0.380599085623677, 0.2779710517187821, 0.964866614672327, -0.5503049637770875, 0.05272535157451295, 0.10203866885698516
1.3481615680936805, 1.9070407614131617, 2.8296908463940955, 0.6528618680811632, 7.923824905456635, 0.6091916578867034, 0.8409139545233733, 1.4828236619713164, -0.10313013872586448, 0.8242113890575717, 0.21527243574997443
1.0278206432355517, 2.24318920296949, 2.553499218935511, 0.5872675107834866, 7.365989551667539, 0.4342574448916169, 0.2881524219070309, 1.3868271271168409, -0.30605708338040394, 0.04141063279064301, 0.1439024407316174
2.436263557243107, 0.9214028414310265, 1.6924567007632205, 0.6427755440923202, 8.736079536397574, 0.4870456827993381, 0.5179892063081677, 1.4739139758499247, -0.39520752800102626, 0.32558699642466193, 0.14682581024637328
1.327735181236533, 1.8964571685933551, 1.261997719501096, 0.5796763703085783, 7.211438547728108, 0.8247456304077383, 0.6061660346789184, 1.0337859617174012, -0.4832114432414873, 0.5041681132896356, 0.14334841375268298
1.6981588189093704, 1.6793369011837096, 0.6527216393155619, 0.5198539978740965, 9.988864625782853, 0.4347232679829645, 0.8361494192824535, 0.9760362369371574, -0.7272233876787052, 0.6615658858431508, 0.19267583791235665
1.465194114491986, 1.022931094393542, 2.7124380763741756, 0.7691443393092721, 7.383489687127305, 0.5975011345801771, 0.2447218779982101, 1.031329983204831, -0.09842651687772812, 0.03543093992351349, 0.1027545667270897
1.4755400272495685, 2.329330484359822, 1.7321262976085419, 0.9787907115196701, 7.588428476038107, 0.5522266583153821, 0.7825245784129702, 0.8857461272974563, -0.2435628813054737, 0.9094147110622984, 0.15785199779073195
2.4390926314129775, 0.7951118747762809, 2.322674576290843, 0.6606766740304852, 8.102017629994835, 0.7624123803116853, 0.7489945929311619, 0.6407065712238498, -0.05386810618106535, 0.7745661658981472, 0.11848551258604857
1.823542825057355, 1.5906518857493277, 0.8503942909133662, 0.8130235398594965, 8.118291450128437, 0.6866352491735352, 0.3143104923138933, 1.349735973239249, -0.5803939331772864, 0.09362217593402006, 0.12701310212323733
1.876695837597099, 0.9888678925905601, 1.2208386413734398, 0.6236512931605783, 10.21602082234334, 0.6351703411490212, 0.5438060444702786, 0.7396434433428001, -0.7345816741325316, 0.21527559564169962, 0.13310249058908086
1.6168938677202052, 1.9778144767210413, 1.5947843676635647, 0.4689598086059616, 7.313143986426921, 0.6611834726697365, 0.6677365593076621, 1.4667138906839015, -0.3073635357097185, 0.7685910149760652, 0.17467996723309626
1.7826046441639425, 1.4868160714782497, 1.7955266389335516, 1.0777779901555866, 10.057328516063446, 0.945221015332764, 0.568096131250378, 0.39296359584236995, -0.5722796475560386, 0.21526256565119672, 0.11339844022775651
1.9085464459374433, 1.980551641036881, 0.6246128600651805, 0.7054572275580948, 10.421191910419658, 0.8274251520662954, 0.5457033464847689, 1.2317594635940767, -0.7334923438225677, 0.16782590782115606, 0.16424103874989668
2.155756140584855, 1.025481418752599, 1.2190811408034605, 0.883220284810064, 9.595889921610478, 0.9600178894533304, 0.3699857613985026, 0.6835660994278423, -0.6488720873081207, 0.09265992388919013, 0.09531175853335298
2.0626925652272172, 1.01539017596607, 1.0926527144325209, 0.7910946245164338, 8.840026856362798, 0.8265392586755345, 0.5898630648454748, 1.1711479486839143, -0.5950697724375791, 0.433518094711027, 0.14920193610087154
1.039546296077579, 2.119446548848243, 1.5956646695181522, 1.042413880478941, 8.71697442560179, 0.9272457170714548, 0.3718717326862815, 1.2550166788779638, -0.6514312126165085, 0.05660151400963349, 0.1496376476707519
2.73942771760374, 1.8493631642408181, 1.8614649202074682, 1.107761717625611, 8.959498946797039, 0.8941700550476768, 0.7232678554704177, 1.1632545899531634, -0.14690948068154572, 0.8093617014614383, 0.15353946027098572
2.268650632708847, 2.2105122724260404, 2.999142870818087, 0.4765495969857408, 7.545897068029071, 0.6196223876303716, 0.28252270449837924, 0.9909712267873405, 0.25284621062291124, 0.05641109799055314, 0.09247539705072995
1.1960105430674643, 1.804795256176613, 2.600798998511284, 1.0223104230322133, 8.832517692779534, 0.703352485976013, 0.4845953961391279, 1.1217395482562305, -0.4106693928273892, 0.12854582962749267, 0.15538535225568922
1.1969830356561164, 1.5221965127625061, 2.357589578177441, 0.4036132757783957, 9.399339697279029, 0.5925432052935479, 0.4982519473641428, 1.2530435299077467, -0.5558101732347674, 0.15069801362229363, 0.17018659025081434
1.660488094968144, 1.9150659105884116, 2.65816241111784, 0.5352999307983041, 7.353433739502222, 0.5382536906640776, 0.772569962948431, 1.0001654749250937, 0.019739099173797577, 0.9070914843776247, 0.1580046321338318
2.340640868598417, 1.1552626792400567, 0.9600358052850761, 0.7547759671676965, 8.88247796184442, 0.7129537410622034, 0.4353282159632266, 1.4017666556142632, -0.5689799471172541, 0.20849241715800157, 0.1371932223913609
2.10418885033471, 1.8457592528889755, 0.9148211871886358, 0.7346180593483851, 9.100209591031856, 0.3518797788842855, 0.5158247245617575, 0.5494197176221358, -0.5450172491339235, 0.2858441893858339, 0.1036293162288348
1.2784981369940853, 2.240718969748279, 1.4954908683622201, 1.0673900151771993, 7.293115991496931, 0.7267145910382438, 0.6436717524148206, 0.21809667750225134, -0.3940681140976629, 0.441100792030265, 0.08907461907932884
1.2663934345108916, 0.9973693185259864, 2.2000772718438135, 0.7731514479214183, 10.48549030601429, 0.9936937217102273, 0.482903957540461, 1.2919684309011394, -0.6827775574605909, 0.09813367319169024, 0.17624417118888233
1.0781782240098605, 0.7760868287233629, 1.885052340204813, 0.7882605263902777, 9.806316556496675, 0.6652819036014145, 0.4686682610305121, 1.2734104878189991, -0.7161589904325151, 0.1102587649234932, 0.17183552389440593
1.8944487783089135, 2.056616002038127, 2.5146186355003755, 0.8171530522599824, 9.006750455632222, 0.9507759967720315, 0.36841473349934994, 0.7678496896737619, -0.29363377390528966, 0.07854252844036258, 0.10229101603661547
1.3748837865308061, 1.0399525311787676, 1.4924163258372238, 0.5585167644055806, 10.424758527561885, 0.8045780812381584, 0.5994502541410146, 1.3902469109340894, -0.7729301848704467, 0.21491263018827722, 0.19844666381861317
2.108799960893471, 1.8425915056883373, 1.2471554563507192, 0.6458396032710269, 10.323375707313026, 0.33597757527587274, 0.31823454354333386, 0.5665579824994593, -0.6287539127509778, 0.053108685467802175, 0.08614728615881177
2.7579382392891976, 1.9427504980596717, 2.154625047271246, 0.8428500439456282, 8.584368161969515, 0.9183179612507335, 0.7529540709950124, 0.26464168820216355, -0.00031243987769460744, 1.0703149853134728, 0.10499199964498984
1.8867915743861732, 2.0226119816170725, 0.7559441829936828, 1.1428963353256913, 9.744265717037898, 0.7113657783036554, 0.6030883307897439, 1.444586944217543, -0.6296324493279504, 0.247360912121825, 0.17875368149761925
1.2225307049243719, 2.011280924388559, 0.8585904983912724, 0.5433372637588392, 7.19268551951868, 0.3281273143078881, 0.7372245084010891, 1.0467436527070173, -0.3830809413246162, 1.3261683246374174, 0.16021927053538093
1.8131099711458503, 2.299867905826171, 2.9541391121440563, 1.1372927819314322, 8.624179775099133, 0.8886817961127635, 0.6672612714479507, 1.2135513158646696, -0.10564526460797875, 0.33652245531392233, 0.17102649488151656
1.319456352232113, 0.7746996986712726, 2.717859918405778, 0.9006568919043335, 9.660045172873255, 0.4022027510407116, 0.2989245232720069, 0.8012714936573793, -0.4801726426366887, 0.03136959962305232, 0.10602216371720714
1.2893397484233842, 0.7670705479524973, 1.2854334483513545, 0.4836392298516444, 10.06888408453785, 0.7029743883872968, 0.8080435950701479, 1.1982338141220132, -0.7868879321368537, 0.5479937531212665, 0.21567433403266478
1.293728795472366, 2.0126856408769047, 2.534137655773206, 1.0438739244959307, 9.239956441729488, 0.45946443936865006, 0.6133299815512046, 1.3769169597542799, -0.4222901558419293, 0.23423859167234062, 0.19447874992622607
1.0831883665179658, 1.9015447814052768, 2.81831279300866, 0.34301895075537303, 9.177837465188901, 0.9020680054537658, 0.7217060030405245, 0.6430635489959183, -0.42871575199963025, 0.3383080778890521, 0.15890408894687424
1.578060272027109, 1.4185107362065401, 0.8880142499711774, 1.0577503917774798, 8.060481045308727, 0.7874003225450309, 0.3589253095878331, 1.3094269057341774, -0.6143960136969816, 0.11131111672236493, 0.13446349670426572
1.5639020447288645, 1.5938620936646999, 1.4328167151723639, 0.4909027264954873, 9.692010214225839, 0.48136012762153646, 0.4789913390501506, 0.6368446766899483, -0.6751248821515644, 0.1630213911548458, 0.11811282905575354
1.613285649498756, 0.5121795531381605, 1.3489393129017442, 1.1527664712969763, 9.170663146964182, 0.9226218715028456, 0.41834672172960086, 1.0126726454968813, -0.6708405401092136, 0.1059614304873575, 0.12843773661355953
2.4446055452664863, 0.5966491763033221, 2.157085654446683, 0.26237541623195904, 10.429924599366363, 0.638268339431038, 0.6889021597007987, 0.5036912495399108, -0.5245270368334151, 0.39810536273520963, 0.1300846214379999
2.561022740335294, 1.0939890990404413, 0.8678982206454784, 0.7631286766775899, 9.059877898814165, 0.35587435228018927, 0.4932117209992045, 0.35469023344588124, -0.54435666678358, 0.2966313946040286, 0.08238632976062946
1.258666913159296, 1.9190511496384095, 1.8545921327130237, 0.33164983239943724, 7.857043714219021, 0.4979165127808076, 0.5939508420412829, 1.068891527311484, -0.46593598926928553, 0.386460442215854, 0.15517695541400825
1.0753062145887533, 2.4528435408135283, 2.98595974860516, 0.784641043586975, 7.22114511244809, 0.9437155372119526, 0.21005919946941626, 0.7038794039117662, -0.14649930012365445, 0.014501028332703723, 0.08181675807965803
2.4941963949542476, 1.1776365570170415, 1.1733608144959091, 1.0542993487549164, 7.523868550818852, 0.9686598231681358, 0.6442829447130445, 1.3061761266447078, -0.19148608328924915, 0.9546210307098476, 0.13974354963633231
1.9497173491359199, 0.5842356418510604, 2.238232097029374, 0.6804641983654791, 8.062607246796102, 0.831823478344019, 0.26875299402471, 0.5106186096924961, -0.32241003684547015, 0.04748180515622151, 0.06493454732757527
2.382115746767075, 2.1493126461512286, 1.3282126919602226, 0.6456337114985256, 9.201782257426004, 0.5887351192076291, 0.6148558918706142, 1.4150701685657887, -0.3800511977744311, 0.47359091952376164, 0.1637835773562256
1.3532211057457442, 0.9581980739721432, 2.902245060515449, 0.37561162090487693, 7.431641376060879, 0.9741514414351358, 0.5097322595799463, 0.28495043133524955, -0.054331361871532556, 0.20802954808494412, 0.0775027304548712
2.091866046279854, 2.0407762627394446, 1.4260779670531156, 1.080081493093211, 7.344324076102921, 0.3803827266304268, 0.38882175979946276, 0.28197426333698533, -0.15202834067850673, 0.22881111919675431, 0.059498827953102594
1.3443296320010296, 1.989467914354827, 1.7079746259531097, 0.9374459982950384, 7.726576137288001, 0.9544340464433907, 0.6023256759291917, 0.4314198170684924, -0.4363860668153476, 0.3688829851899742, 0.10435046851140214
1.5136735688414478, 1.4855681536462506, 2.991830031879359, 0.7827173364992379, 8.922494707476526, 0.4579719534344262, 0.4588585784952634, 1.2830264465066177, -0.22377735645252964, 0.12356122483004027, 0.15532931396301136
2.043027582976544, 0.7859340129698869, 2.9704211748999048, 0.771181967538436, 7.594476302882957, 0.7583039546797681, 0.21218614752392603, 0.5058981462800243, 0.1333767823194765, 0.018488889246331346, 0.05581216362377745
1.7206913359571339, 1.1221963115430351, 1.8189162705124755, 0.36447321926352516, 7.709877451000528, 0.9535015098424708, 0.799601256781048, 0.581740709766467, -0.3410010709487597, 1.3563693979655704, 0.13048450858099386
1.5818837952143223, 2.439595109667539, 2.7514530997299493, 1.0624735566188832, 8.644945395632517, 0.5268331566943545, 0.7443047093169974, 1.4803000611266899, -0.1178638352613718, 0.5290089821807255, 0.20699192525770058
2.0942718676640943, 0.5794158982510964, 1.948720901592731, 0.45494797489108946, 9.863283335419816, 0.495984242480782, 0.6369205555549915, 1.3678771166923465, -0.579793679731188, 0.34712822837783797, 0.1749850660355878
2.755058722534197, 0.7257387318345786, 2.3267582421550905, 0.8533172259622315, 8.817969075144656, 0.6149667147421285, 0.3040054209516879, 1.0227957701378323, -0.16094801588321384, 0.05393222757826007, 0.09122234250884503
1.5989881134038786, 1.595491032604074, 2.89572508300874, 0.5785923810900384, 8.825799611365653, 0.7051539234471013, 0.6705322507218163, 1.007022208972332, -0.21420013963964277, 0.3798504029930989, 0.16245835986803286
2.220060989837979, 1.9527868294711896, 2.8558790169028883, 0.9899712470413456, 8.942138214301714, 0.46710966707722956, 0.7601448701351943, 0.6283519576702461, -0.02115132265461385, 0.6457089179258308, 0.14077818649453547
2.55841400970771, 1.5175569535312519, 2.6197212854621625, 0.3167138928326674, 7.032517897702702, 0.339420671968706, 0.24821713339540663, 1.2122213114844045, 0.3519163294560767, 0.0563885061352688, 0.09253654979955173
2.2872713668576843, 1.9108831141547262, 2.0659379238113558, 1.126708535775112, 10.369796610906754, 0.752270600658159, 0.426342909724553, 0.7049845007067093, -0.43658029737554466, 0.10209110367715182, 0.10930978162010434
1.1920099423093624, 0.5865800270872121, 2.6830251250530637, 0.8599042469390762, 8.42259726917154, 0.5209123297339312, 0.2515228144010853, 0.6776538256313992, -0.38264484955818745, 0.025835669529449396, 0.0859412899488234
1.2802954395756232, 0.8279073505644439, 1.4833545881927686, 0.9537408571492337, 9.528759574607456, 0.8786996654042327, 0.7631835614241935, 0.9068071593489453, -0.6868605405981517, 0.4892297487703114, 0.18063022981958057
2.635471615014233, 0.6519313123950315, 1.6262148550582303, 0.43353596103388836, 9.509658756129252, 0.8251915935857488, 0.3282914863451839, 1.3706355776024046, -0.5321218705232722, 0.07567660644368172, 0.1184691215789644
2.443561542090407, 0.6014355163777304, 1.8020117879403073, 0.5025603507158385, 8.670665380233142, 0.6289418862693508, 0.7438957685433727, 0.7636712771219085, -0.3649782726323355, 0.815303658620324, 0.13210667780105723
1.42675062996377, 1.9669665470571482, 1.4482901166495, 0.9852272784601256, 8.103229364453593, 0.5455448087229139, 0.6002612656642257, 1.0162652923692683, -0.502527482118549, 0.3583434298262941, 0.14957079847503338
1.8155540580027822, 2.1525509374578715, 2.300009065743755, 0.8946218414615356, 10.406925648431079, 0.5502361566868748, 0.6269213167599466, 0.278739560452211, -0.4545587045780118, 0.25301616354200873, 0.12037972061581968
1.9895746096560782, 2.3096015678992394, 2.32775677233466, 1.098304915547144, 8.630868105553137, 0.7102352814563344, 0.6608088019387317, 1.3279911244963511, -0.1980604824510289, 0.43541545501902745, 0.1717652480200195
1.421401948002054, 2.4334927676839064, 1.051976893819324, 1.109189248183284, 9.72200476878293, 0.6408413363851476, 0.4234121667765035, 0.24075349302203305, -0.6667163665059219, 0.0695151156515338, 0.0802485565560346
2.003335087017881, 1.320917958997082, 2.042300911730317, 0.9876852766957948, 8.681393619693921, 0.9880234839507678, 0.6214118200844099, 0.9898818954289494, -0.3341184762643358, 0.4362628841263259, 0.1428743417681835
1.7240414598661968, 2.135782789731051, 2.5701355661019925, 0.46508503976553395, 8.6649079205368, 0.823520502587129, 0.7500437663596924, 0.8773460942437181, -0.23485337352276892, 0.5788137262018498, 0.16104257799946936
1.96896377584033, 1.6063621478178711, 0.9633434901904856, 1.1859105115018935, 9.205602942046063, 0.47387784484396667, 0.5578881351975458, 0.22632338587183284, -0.536779904743228, 0.3067905335319149, 0.08874260082433466
2.5920265923683616, 1.510443449112441, 0.7680491279953923, 0.5534833047348116, 9.682631129723394, 0.5012257616921126, 0.7873637203870685, 0.6617627909651088, -0.536421110327879, 0.9621119949231698, 0.14492615219554864
1.0558779699567495, 2.276527732806653, 2.681403647143528, 0.557736366279266, 8.689673938675162, 0.7322566280125675, 0.583083184215401, 0.23226252496035096, -0.40549390723378564, 0.19715211453340742, 0.10258965517561591
1.931474199197004, 1.0322253116954156, 2.4516528933161714, 1.0448426689374828, 7.036643904922963, 0.31834269424517686, 0.29952094061952117, 1.1847149716172642, 0.058146801133130276, 0.07513540661410964, 0.1077486915026384
1.1380164299790039, 2.2222740628294577, 2.330508092507192, 0.40088580986129096, 10.003719859451985, 0.7363822206946555, 0.4383186359076481, 1.1304846422916213, -0.606052127062075, 0.07389901866428134, 0.1587710281649197
2.174910836383732, 1.5805371009521514, 1.1113036792014954, 0.5386735718915809, 9.183015033718705, 0.7377961076035107, 0.5479478156475087, 0.567544707782794, -0.5584548794998563, 0.36682044326208196, 0.10918821211220348
2.2218387915352964, 1.772920565609524, 2.708856938652767, 1.1406989218701507, 7.741750058161248, 0.476644916538309, 0.8407030247634859, 0.380110613811887, 0.18073864240593165, 1.1751385054923893, 0.11859385414594727
1.5728029088565392, 2.212306697767313, 2.501069678470606, 1.1673365592764782, 8.037560571444846, 0.729323780077668, 0.7423010402750125, 0.9629603636479878, -0.19598694516805817, 0.5434041442586758, 0.16355247422576213
2.7236581141505427, 0.6840239273465749, 0.9118843135097578, 0.2680417565280626, 7.072635060257961, 0.5281444428920516, 0.49839506223487107, 0.48638895411731, -0.19998129176595808, 0.6844992756163744, 0.07412803018072736
1.4809079003451915, 1.955173920824022, 2.927147751658851, 0.4229702281590482, 8.530746344386026, 0.6623411775641774, 0.6984569158029936, 0.8026480413221506, -0.1931301741458748, 0.42118250404517527, 0.15296822399250232
2.4562576124598934, 1.1992670538851935, 2.48577390489286, 0.744238308817011, 8.678063499068008, 0.8333415484247237, 0.8073244210319006, 0.42932230510167285, -0.06995242997352567, 0.9031016710071088, 0.12178214635699987
2.1209164531689275, 1.1659860888964928, 1.719127890341263, 1.0716921994824635, 7.44574028778567, 0.5640720757615141, 0.30061238465295603, 0.3623079368475235, -0.2042324397157867, 0.10692555400297611, 0.05517957972580916
1.6809426985809237, 0.5144878905309987, 2.003904053733902, 1.0562433822871706, 10.014678960426739, 0.8826880980555494, 0.3397541729446255, 0.7306700914755504, -0.6415976550369095, 0.045287357546786, 0.10267742937925504
1.8735322142296609, 0.8745176209996356, 1.9147480927313354, 0.6077479483905528, 8.63139336082221, 0.3117074559711631, 0.636099655456084, 1.4713590063136817, -0.4419976474305501, 0.5075946427858953, 0.175274968698468
1.5840229857551007, 1.2173033970094882, 1.2848211886215664, 0.3292619667788572, 8.24386619954409, 0.733873486743424, 0.30728852427095205, 1.2036551135662807, -0.6473984914974261, 0.09004723842915807, 0.12342948970472208
2.3172515745251765, 2.216386338577064, 0.9059649159327781, 1.1789754812947935, 10.063964549739088, 0.4498365540932695, 0.7583026646275117, 0.765826882975339, -0.4954317738756946, 0.5275216020932424, 0.15501182687257825
2.2980588469505996, 2.091830912646235, 1.763989542703111, 0.514058520286772, 7.356850503937053, 0.9212174950277527, 0.20649343714382798, 0.572632353924753, -0.052713514924624894, 0.04610191336186695, 0.05788436308488599
1.5900890793616576, 0.9388743836914961, 1.107574671904499, 0.5906727791875048, 9.598475160287606, 0.8359397458930828, 0.6189854956356111, 1.2449160757111626, -0.7565231537591509, 0.33251607192730526, 0.17699463013428612
2.667266441227724, 0.7307872283680661, 1.9867712352320877, 0.32376957992675415, 7.4111711642005424, 0.9321465349951195, 0.5880209085609154, 0.8905485628030345, 0.07945619844497064, 0.5770024020334118, 0.10576179583149496
1.0217537966386097, 1.1142641365478054, 1.972244750005871, 0.3342469656523176, 7.907524315641292, 0.8158285259891134, 0.23325624348588972, 1.2083895616960485, -0.6004848967137524, 0.03255722433040463, 0.12457764547631087
1.0639536857984813, 1.0693496982941408, 2.104058337029321, 0.7593328621299884, 10.446795883188996, 0.8392405769485152, 0.8439378067315046, 1.3608814789600459, -0.6794137979721757, 0.44603734841694964, 0.24641382603658712
2.2317779881821145, 1.5319957759414211, 1.1923250591931003, 1.0339984149277592, 7.011664493406993, 0.6138049219150103, 0.7763155681300875, 1.2156682845553899, -0.1014776475847872, 1.9521782317819583, 0.14954331900822582
1.4284898213585377, 1.3406049375568858, 2.418717322119976, 0.730664577007927, 8.843097200086955, 0.9848059661757846, 0.8036517004249604, 0.6239880591161291, -0.3877605581296726, 0.6546692199387825, 0.155795935268834
2.4083825928212432, 2.045873801421271, 1.5330407822956826, 1.0692181615734642, 8.787923091794926, 0.9900511836597266, 0.3227140281749518, 0.249164170951939, -0.31503074658089353, 0.08688681685276722, 0.05536264622365707
2.1731341197108742, 2.2879258502849416, 2.7333164870257654, 0.9844459897202492, 9.122615216275454, 0.31343663105867303, 0.2978798416396508, 0.7095033451965449, -0.13761440482075604, 0.047503649668690515, 0.08700326772042899
2.250689110242141, 1.1671604763864138, 2.6726211265122624, 0.4328370585200933, 8.331466314325517, 0.8386952112292083, 0.3232281741967276, 0.29290168994301147, -0.06811678727486288, 0.07333732793908847, 0.05581913282963796
2.7519113369217996, 2.1052571636851747, 2.1214956504110765, 0.2751075437188753, 8.659944248596762, 0.6529687440053074, 0.7925363027362091, 0.4689185299525848, 0.0006953477194580681, 1.3565106100678854, 0.12345793693821179
2.018118046951824, 0.8955074307333639, 2.7270600832055196, 0.5416146128386838, 10.166010082496355, 0.924073219505577, 0.3340901041554432, 0.5934551503812584, -0.44261300245615237, 0.04546081298671058, 0.08898929020040669
1.7018558835178164, 1.1020312992428338, 2.853892468358682, 0.7400652821624694, 7.251842263752222, 0.42389010236007385, 0.7840623065178092, 1.4635882132101339, 0.11215229012052103, 0.7711303148973495, 0.18119523214161745
1.9046396242460604, 2.443772455088097, 0.5246569592293097, 0.5237256434366488, 10.299276253003065, 0.441570942724557, 0.6137422708417604, 1.476389563323818, -0.6757254727884802, 0.2087328148269077, 0.1877220550669881
1.0213371167361303, 0.8481548453221912, 2.0688514878789923, 0.8457236478598271, 10.037111531577827, 0.9676500691289693, 0.8454556049876485, 0.49028154671769436, -0.6536679549242997, 0.5001586828452416, 0.17449711377179483
1.9066544693846907, 2.4912358877130476, 2.159594974883241, 0.9044900121832193, 9.193193611574623, 0.4318667256890174, 0.6916769273106544, 1.2418539695859756, -0.28226054616538077, 0.46302849289274584, 0.17989856968582899
1.6986810397917216, 1.7274295403107693, 0.6558955626074169, 0.8111459182951375, 9.077095162944783, 0.41998693884297544, 0.5947269116332885, 1.1402305767713388, -0.6736969259628286, 0.318239929554511, 0.1580430520945083
1.4993446656247271, 0.8303547512084847, 0.6311157243070301, 0.3527742866300126, 10.189393445786331, 0.5761694569420046, 0.8274697360670926, 1.337356049110901, -0.8417709591386551, 0.6037865749873419, 0.22327927162201378
1.2515812944972964, 1.5475456202470297, 0.6648971809991877, 0.6961136062010085, 7.095941681142603, 0.778451191968067, 0.6706232675741994, 0.6470765109920765, -0.6272955522938827, 0.7296112819383214, 0.11975964644356281
1.105360757951763, 1.568525215521685, 1.918142900554089, 0.7266468832904868, 8.780207229872818, 0.3680057730728314, 0.4768884232219811, 1.297573787165935, -0.6006515816073582, 0.1522006708526108, 0.16791292760335166
1.4428238194264646, 1.7838955003569195, 0.7134000969558058, 0.4894220474677381, 7.020574794539486, 0.670660654420474, 0.2038010957709012, 0.9777304333033172, -0.5483494258123498, 0.04010824097141932, 0.09323380489877309
2.778395606726254, 2.4303743033434726, 0.5081229125676509, 0.4159588612722188, 8.571902002742034, 0.9757533856467497, 0.7671206558962151, 0.32173500734490007, -0.21803562758525014, 1.2041909896119722, 0.10545094559405697
1.8494507115939802, 1.1257945775816296, 2.960200520882258, 1.0119651371562215, 10.052239247571546, 0.9904402875115836, 0.7274625042912395, 1.2664476128427875, -0.3129404411749342, 0.3309137326007453, 0.19259245813038434
2.13849368332723, 1.7338501204710026, 1.213663483230273, 0.6625309466280753, 9.31188238942428, 0.759520247901045, 0.252710021232025, 1.1335557293365042, -0.577665188954578, 0.03954520303066262, 0.10619731537881308
2.5377528193924555, 0.5351982974516083, 2.4076427049078823, 0.8294264762335546, 7.75889587877455, 0.713827903701662, 0.48176571344832847, 0.9414675247059887, 0.07041393250507866, 0.18651124422178533, 0.10182501663774018
2.7974054505934456, 1.2759729753025724, 1.7020366124556914, 0.43132353540876367, 7.818099738290122, 0.7013761340343115, 0.5697167378280217, 0.8766839547051744, -0.04752063771251511, 0.7091728923829441, 0.1079591919973609
1.2337383759715803, 2.0777796199271608, 1.237726945053181, 1.187821678272544, 7.877680789981475, 0.6645925970984201, 0.6736964325150199, 1.3714765992190778, -0.547030948478786, 0.39485638066144246, 0.184047565395158
2.0726680869959875, 1.0734536307057727, 2.3106589937360953, 0.7476447989164301, 9.969293874218318, 0.6172359204664273, 0.3936140129779765, 0.787500240114879, -0.47716104722204844, 0.08625483560153922, 0.1088357184456254
2.510566210163261, 1.9083402275024202, 0.8778610504828948, 0.9979097310112759, 10.14758320619587, 0.8427699051868938, 0.4836675040878052, 0.6201115296972557, -0.562587458206967, 0.17525908835905096, 0.10588687822440988
2.76250252084784, 1.721997950142664, 1.8688154586497565, 0.5744492346734706, 7.957095267815767, 0.8262479757077739, 0.6172223471645626, 1.2193678136193546, 0.0036560959872497982, 0.8333080105341868, 0.13353761239675804
1.230578290026416, 2.458439741642501, 2.001345816758085, 0.6587962770765385, 8.084895808192414, 0.4399665927268407, 0.5293892777123693, 0.415612362311169, -0.44896357582123614, 0.1870411709518714, 0.10208298840705538
2.770406683563202, 1.3773910034508154, 2.8093225345475994, 0.9287109499242965, 8.454823808740805, 0.558765233423704, 0.41938696168286915, 0.9077676790608693, 0.14677929312969243, 0.13184037699533793, 0.09737743126781424
2.361868552616085, 1.8360121624654253, 1.1363236192092745, 0.6303434607727376, 7.2579471774623014, 0.9942538110512786, 0.6323260719830859, 0.7157041486122024, -0.1435659114919674, 1.1482189411029093, 0.10749198899342445
1.4858517740571149, 1.615200286335535, 2.291227410863478, 0.36697395495436247, 9.198344127146495, 0.8894225424802151, 0.3942779265185543, 0.5190655433987735, -0.5044072299756989, 0.09363177798625925, 0.09464418977484457
1.6878057999262506, 2.34090311609365, 2.6363959328913933, 0.5737792571897624, 9.108861060684045, 0.7019797220353292, 0.2429923932065986, 1.3575564523326227, -0.31097128279543107, 0.023294811556270178, 0.1278081316612952
2.150699555688105, 1.1637366693201607, 1.8138730279064945, 0.3363174565676519, 10.177421426077974, 0.44080580586787954, 0.6486704104602705, 1.0292642354438375, -0.5663009591490937, 0.40735332715322026, 0.16164629859806154
1.8292028943498764, 1.7033587830044914, 2.915887457077936, 0.5920633943891558, 9.14473686650287, 0.9422617778462226, 0.8131521591715984, 0.38486171803661484, -0.16935438451017437, 0.6393446335915227, 0.13813562327515683
1.0609009766960371, 2.487715769508795, 0.6251313223161439, 1.1350437500012203, 7.184295823759492, 0.4487569618634009, 0.4749855771775972, 0.5465575136871523, -0.593101463068007, 0.1122595362234925, 0.09408087317162427
2.0858522884707713, 1.3357304823276224, 1.8825009896110947, 0.28019338064605376, 7.062159741985835, 0.7913543272518343, 0.2382339514279876, 1.093661643337761, -0.12871445066853127, 0.0765095744444906, 0.09407516462961212
2.1844784113659257, 1.9202712856248025, 2.139417553331106, 1.1845307758030186, 8.85287735039158, 0.8968731444863947, 0.6562842196640124, 1.4716754166618005, -0.22877033738455885, 0.4761549255090356, 0.17443700391871972
2.026674205936439, 2.4231705438429136, 2.255770892623743, 0.616041971977024, 7.927926876658, 0.5091738947059776, 0.3155451065579474, 0.2038115711848955, -0.09233484150505432, 0.08369820255518454, 0.05101803971992922
1.3998042098974248, 1.9506581934142553, 1.6565952240138913, 1.1153020994555507, 8.34763823206253, 0.900328101643106, 0.2923215637544895, 1.3459043136003126, -0.5278665673494611, 0.044233496309820874, 0.1354688104831439
1.8348071584465708, 2.08785804872899, 1.8503078029483033, 0.844707369019764, 9.439912023517541, 0.8337576402894435, 0.6929727908888808, 1.0760877622838076, -0.46401423438975675, 0.42755433481991484, 0.17136915010065423
2.1440551032858712, 0.9339898178102009, 0.9459601977862784, 0.9823083547274526, 10.351934552310283, 0.8655855077249113, 0.37462018412893483, 1.0867490260440897, -0.7354213531847046, 0.07099142891363455, 0.12500086783707956
1.3238009253771144, 1.1208919111411375, 0.9215824488606337, 1.0078641574023304, 8.476640235774344, 0.9789309500811274, 0.632045445924772, 0.24363055084382385, -0.6802401219417786, 0.4201724015319807, 0.09845221388546634
1.3321090722518354, 1.3300581069063893, 0.8135160028610042, 0.9272567325639276, 9.15832581677419, 0.39218984307619004, 0.6712567003965534, 0.394642083524802, -0.7165035323911597, 0.41212380430782075, 0.12362504902664341
2.036647151724711, 2.1424899226779335, 2.1747834404876745, 1.157799309552778, 7.968702809038985, 0.4153179468108473, 0.597017166347791, 1.0543978980204245, -0.10579424855220095, 0.460608228984755, 0.13986727600417453
2.302933125507793, 1.3111730139585576, 0.9363055303860215, 0.3076429115327695, 9.407338022765687, 0.8070912528721439, 0.47406270568358877, 1.257896159155851, -0.6361400668189087, 0.24287467918604885, 0.13998587355425116
1.37972051985566, 2.292067843480331, 1.3918357190270478, 1.0918750555099792, 7.951889867465956, 0.6025897553086783, 0.6865746752564857, 1.3351451011800481, -0.48216466542113356, 0.41692530063671873, 0.18120762467675378
2.6605161353127817, 1.1458787174353038, 2.1002561405622533, 0.6085332068415013, 7.706264212095791, 0.653759085372318, 0.44104051900009356, 1.1804233182617123, 0.022169737665009424, 0.26798428645827066, 0.11067079501226544
2.6906886686979155, 2.1611911959830232, 1.733210005486136, 0.9384075173659407, 7.261624846916072, 0.8695811301870722, 0.22362532729385579, 1.4872795809775017, 0.11382529391035859, 0.06444760404854674, 0.10299206337469513
1.3893058355132049, 0.9650542137298779, 0.7101983258012341, 0.2831079643153789, 8.109483280428531, 0.5529750117986905, 0.3294028852185485, 1.3590666392518358, -0.79969278469748, 0.10707467772193041, 0.13977386162529
1.049698639248537, 1.4258740552321227, 1.1898464380154639, 0.5515194303089106, 9.90178688674662, 0.6321627185888059, 0.6494606351030503, 0.44459101683726987, -0.7917907794941923, 0.27149893723889845, 0.13844628320919583
2.547801153627803, 1.6366443553300927, 2.810820845429013, 0.6781251568443021, 8.44703742595795, 0.3641317756603574, 0.7904951844604662, 0.500517943871351, 0.13129555325488992, 0.8938238664966972, 0.12238953334825055
1.7461686632519002, 1.096727091552375, 2.560475926592225, 1.0783270234845075, 7.6399086652164065, 0.5561973925833748, 0.6464813370877238, 0.8509343682911079, -0.04648292253171279, 0.4851837466716376, 0.13108211797596594
1.6281813703744588, 2.186871709940587, 0.6373899738353915, 0.8754138492213763, 8.557831722241353, 0.4092208048038239, 0.4421706230776544, 1.2181228383626648, -0.6126474506977765, 0.13179853249068332, 0.14009488043084276
1.7764624101919007, 1.1822899867071255, 2.6220337585614084, 1.0182821899197938, 7.2203574870258915, 0.6339594977646117, 0.5275899949727301, 0.3639824552339137, 0.06803662773302212, 0.3067671780066725, 0.08056957055363455
1.2154793306192877, 0.9690130833897632, 2.9084475191412063, 0.647245743325071, 9.356682751139392, 0.3375028198679721, 0.2552939481525309, 0.21968058398304646, -0.40724698437277196, 0.022693660996391665, 0.05495057405132684
2.3237811524504774, 1.0637519201358514, 2.8433191156524744, 0.9232555947244774, 7.113443371193115, 0.4752703139393555, 0.33064427181375056, 1.020199787107865, 0.3325016278524157, 0.0686056486274815, 0.09334356372026377
2.4750648070672443, 2.3695034653108147, 1.3523139840941099, 0.4668414756701528, 7.674493668914361, 0.6518293890304243, 0.33921903758859406, 1.228231349166572, -0.06788572309135117, 0.16417195538667512, 0.10789867369356215
1.7180650662066714, 1.1096809246559567, 2.287168471179577, 0.4814093531996022, 8.00036851320218, 0.8835570895698808, 0.4148376723667336, 1.3533535796505904, -0.3046475134479704, 0.16401628053386821, 0.1406883751488931
1.3427325760182103, 2.4131606098408214, 2.988935793777465, 1.147595810149003, 9.539446373004717, 0.9707750168765219, 0.30163216689485867, 1.2175900518031515, -0.38107172682427354, 0.024445330042078654, 0.13704233848489822
1.122158114979804, 1.5960354347906494, 1.4806651420065824, 0.8250153245183932, 9.276443257227369, 0.6830906636080953, 0.2847789867977167, 1.3114331747004315, -0.7230043983493725, 0.03314759248272781, 0.1429816017426492
1.3568294621381716, 0.7838749063475103, 2.3499890992219017, 0.27697200660101967, 8.091725689257586, 0.8094778279956238, 0.5535147749641196, 0.21421642235726707, -0.3869854446700656, 0.31987541898314736, 0.08277464091399452
2.2918587437903053, 1.3098183716416454, 1.5138087389820214, 0.6224229082193036, 9.790816513713882, 0.30944450097417114, 0.7830599959651641, 0.7596709439270544, -0.5026983380506233, 0.8154139049422497, 0.15748928474128662
1.0666871466496857, 1.8650934968800663, 1.9640632359072918, 0.4359594147456043, 10.14540393891312, 0.37269230342431814, 0.5355391433489507, 0.7206968623492, -0.6800217058788618, 0.14320137686905154, 0.14676174027336855
1.1346851658627326, 2.3147503725439185, 2.4326318859082665, 0.46936718097531926, 8.79777367995553, 0.8001370640269336, 0.2931589417534335, 1.0124474867751032, -0.48070667264910055, 0.031735407403709365, 0.12082668579518213
1.6850671337575123, 1.6334682364255104, 1.2167767821156779, 0.6714527823161667, 7.814103516261342, 0.8581968220569733, 0.5638333960239448, 0.3377372090975129, -0.48991045751848045, 0.49121239413557183, 0.08863093810214195
1.7363366822083943, 0.9129482987049142, 2.613071094802935, 0.6491249756921043, 8.001091505351164, 0.6850691229793145, 0.7663288976109819, 0.6554072989446319, -0.12774109957180438, 0.7205537265217481, 0.13387876741151558
1.3652511702830346, 1.328210927360311, 2.161246077504721, 0.5707146714656688, 9.607482906971631, 0.7809667897231871, 0.5606229590678026, 0.7116743642339847, -0.5845726265076171, 0.21468497288317404, 0.13791414762978094
2.002240175072077, 1.671854881000197, 1.0553465698563378, 0.6277906696905191, 7.994888267182295, 0.40200714272204435, 0.45765674138261675, 0.47189908795691343, -0.4478369115626888, 0.3280543329869349, 0.08444182850304059
2.320110417942074, 1.2943901554794393, 2.665914888520269, 1.1448901676813605, 9.163933114162914, 0.3528934713584494, 0.651868305213137, 0.8686289191831758, -0.12652736451343, 0.3864701660632477, 0.13781462712489884
2.3181936157205665, 2.052436432662369, 2.8986208832465588, 0.9265471758545585, 7.066947413842243, 0.8792292750790791, 0.5448140314193419, 1.2906658090790462, 0.348831587910749, 0.34853679347099564, 0.13233301744316123
2.015437014829634, 1.712301414276091, 2.491530904457153, 0.8882797421878774, 8.94305333489051, 0.3961458869765374, 0.5327657910113512, 0.5167884366630191, -0.21194957137726203, 0.2655860793515592, 0.10562924397840107
1.0137603622736613, 2.061261291509861, 1.1688473024222001, 0.9185480929241576, 7.392831684417857, 0.8670231917065121, 0.7428342663272194, 1.4204227437497001, -0.5836156848030488, 0.529894260229211, 0.1953972348125535
2.733645898769014, 0.9348087025118144, 0.9914293412822215, 1.0068198494237994, 7.6435306620921395, 0.9198123717115432, 0.6110738311298207, 1.142577201116311, -0.21309920853753878, 0.7772997820386104, 0.12320893216441618
1.7595892602348264, 1.8632312931694375, 2.4306627216967005, 0.7079707389403466, 9.545621212988873, 0.7721029480950332, 0.8365790447139663, 0.5596909296941569, -0.3573895994850507, 0.6984466651416007, 0.16169743429956726
1.6285996707464503, 2.3193074934761535, 1.841587128472165, 0.250672263020168, 9.763957120285255, 0.8840712915974853, 0.260058380087198, 0.25778786093314754, -0.5611360888048476, 0.02625397657517927, 0.05760491301101865
1.9584656852264941, 1.6867382452259712, 2.761520596674459, 0.5314577331937487, 8.414581297070836, 0.5301413984257541, 0.5920888103531536, 0.38619508243873, -0.06400943289798561, 0.3791556515512198, 0.09973407991845307
2.224753900138156, 0.790886180384438, 2.2768973225103832, 0.30014124172916423, 7.563730337823634, 0.32592979676530903, 0.7850391651387294, 1.1315476046581474, -0.021711639277982222, 1.0719799094920524, 0.14832599621138798
1.1396025758553228, 1.6218110523442626, 1.1408999345069308, 0.38654940310832836, 8.0701886861357, 0.6917480833275759, 0.7246166144298232, 0.3476881848156599, -0.6541403974301804, 0.6834521007187339, 0.11842752606113209
1.1811152087780874, 1.3331443729065988, 1.4109374985266165, 0.6326099721110048, 8.428506527204012, 0.6000849385179764, 0.34485483905181435, 0.5344806910007228, -0.6859867862199063, 0.0843483605519063, 0.087893594247289
2.3264060791925987, 0.9508782500408514, 2.130386453923544, 0.9954674722465312, 9.678908608548104, 0.44259232566900447, 0.5259770897699421, 1.0077057879171456, -0.408062897956822, 0.2093768875352356, 0.13290480941985153
1.1721564722948339, 2.356286048089264, 0.8570568084849566, 0.35366664750738197, 8.83509135607046, 0.5478901076173277, 0.5114221378821644, 1.3396870387983797, -0.6991126637258559, 0.14060616295294576, 0.17120478075448772
1.2191063779842075, 2.471841599353863, 1.5217538934978019, 1.0363466846282385, 10.414908027629023, 0.6065809707553624, 0.46562456207254405, 1.431231639290093, -0.7026088484884607, 0.06749405431626158, 0.18423823407531018
1.0730678577255788, 1.3365788563999794, 1.8890550488729398, 0.34945299337771374, 10.49367662672639, 0.478863303887913, 0.4463477222859397, 0.8377190739414608, -0.753013791827741, 0.0866462755908122, 0.14260447848660987
2.0903647386645003, 1.000304354820105, 2.06148133513973, 0.4111062909432518, 8.951758329886076, 0.6245579503679156, 0.7363375712014568, 0.7072786298858764, -0.3802000120469465, 0.7517142299076974, 0.13982228309265338
2.6615685223911587, 0.5054113049127843, 0.7801815822244098, 0.4141366485291732, 9.557235491320654, 0.5856559082549866, 0.6513268946577548, 1.4348461505307535, -0.6638774200761612, 0.47634032680348654, 0.16313257314570365
1.076721456413592, 1.357294580553262, 0.5568000006325491, 1.1817992494948544, 8.711439059043434, 0.47265679833076774, 0.4083840539315813, 0.8118011447528941, -0.7618613826088791, 0.09125751545591548, 0.11886086147533206
1.4871055397431956, 0.7346469198993022, 1.0641870076108284, 0.4439788532707536, 7.04627715387622, 0.3998922299924035, 0.2328024305195298, 1.0969793334690916, -0.6595705216885448, 0.06823738922305438, 0.10419636571983575
1.2838893330065648, 2.075186579731229, 2.0509432235658895, 0.7963231646099208, 8.126501177572129, 0.9340208028521952, 0.7496397681393205, 0.48872152818839615, -0.4140488716554215, 0.5562537246438206, 0.13377451242762617
1.8183207958320933, 1.4227111533260792, 2.8764576447605616, 0.9419082034925831, 10.092996152346025, 0.9613754232644354, 0.4218222744870528, 0.7908993347613962, -0.3722785951152122, 0.07731482127703071, 0.1188655586745881
2.6156737414955398, 2.1229401923415407, 0.7892183195534402, 0.8237785764842357, 7.463248652875741, 0.6338548168037013, 0.6550012553378075, 1.032759836034011, -0.07871607482146734, 1.1418487187879358, 0.12414039426716045
1.604608075507254, 2.049602395564737, 1.3101217851606068, 0.991972103828994, 8.22602943337291, 0.6129578142766108, 0.8085305755389933, 0.22505887957845083, -0.42821737372261603, 0.8936410445113994, 0.11561994042691368
1.8466375834055297, 2.4061629065691212, 1.584249392901257, 0.25665965132887314, 8.99989281331081, 0.3415085412426836, 0.4626206212331738, 0.3818698157691127, -0.43154710090699827, 0.17438287776286487, 0.08946579520907108
2.776040760248752, 1.7505631226949645, 2.0571546796146896, 0.7329818349217477, 9.9977415754846, 0.38666938917493143, 0.2543148145846656, 0.2883881316997542, -0.3164724061881748, 0.03790615861588023, 0.05245793327630963
1.5507516201979592, 2.4734418731975594, 1.2429729905661857, 0.8970679268029135, 9.050893549397655, 0.6128188150303466, 0.33259079004744607, 0.6951148885886556, -0.5755876391112953, 0.04886684245694367, 0.09628444392874372
1.1181720391740664, 1.5712122350077982, 2.5895297046827355, 1.0246651001231706, 8.58041154468064, 0.47117590011262855, 0.748549440054131, 0.39783645847170335, -0.26844309085992685, 0.5513820929076498, 0.13695183409838138
1.5329385705537164, 1.6856572321523309, 1.2740837143385975, 0.7177834608770735, 7.82933177239771, 0.5119423640214065, 0.732886089075713, 0.6822026811755826, -0.48067567669385153, 0.8972083756311948, 0.13639557059205798
2.2788116734009773, 2.09666636650451, 2.6529933667380234, 0.32840923566482166, 7.629850912188057, 0.4107414314203088, 0.33103055124962943, 1.1142905682903814, 0.1409627072315699, 0.11192715927467083, 0.10499501183985557
1.9268116716500514, 1.105114586727641, 0.8804372604677024, 0.8651070210640348, 9.038664684211124, 0.5985741532394495, 0.5285172349233973, 1.1596678845465656, -0.6577644917105362, 0.28388498871844764, 0.14544288493823843
2.6957444720752743, 0.6775688667956659, 1.7624546826019643, 0.8636242702687722, 9.976316362858551, 0.8197583233763073, 0.5389117833203325, 0.20485134913667766, -0.49677501573290184, 0.22736911847470728, 0.0842883644757967
1.6627880774131087, 1.0024524264932009, 1.1242510961743124, 0.7865573300245421, 9.860503274654421, 0.8201200819505128, 0.3817932008586786, 1.3259524659221391, -0.7648043912073598, 0.07978400061724095, 0.14837583751621422
1.760456548358681, 2.032305018879331, 1.5649128657884626, 0.636339424750834, 9.047220165574556, 0.37409499021268255, 0.3453276410504499, 0.4562141043131481, -0.5166380983325924, 0.08121482255520371, 0.07983113934053108
2.6414932169432976, 1.764000248534919, 2.878092373339978, 1.0509390245773975, 7.225774056851263, 0.9390651389688518, 0.8016766434512197, 0.7877703548224508, 0.4401354851289981, 0.9601378068032036, 0.12393024678793153
2.5064347948341363, 2.054805662297322, 2.4250482694369007, 1.1811345023878432, 10.209439320466661, 0.9559889857940089, 0.6975048615501308, 1.475231701659306, -0.2641824675812478, 0.4036931781756375, 0.18651047344494145
2.6791398501861003, 2.447216404651188, 1.7354286745019791, 0.7997989274528666, 8.288109382720023, 0.684563831374619, 0.5242850893968551, 0.9193830896674813, -0.03648754207214644, 0.4215934670203185, 0.11315131492039654
2.2800180654714244, 1.640676483523704, 2.505597612978926, 0.9580699041055746, 9.707631812048437, 0.9570631300663957, 0.6045433759834105, 0.8797721815354036, -0.2780176876003191, 0.2994289940471058, 0.13970866699368345
1.541555904054591, 0.6301387351681746, 0.7254537726220568, 0.6644671086626316, 9.848318461611232, 0.9257367276096344, 0.47873163478650327, 1.0628712129856213, -0.8504927736159577, 0.13634279283823042, 0.1475915550874197
1.5468396418672594, 2.2361884095568314, 2.0723621575318356, 0.8569829138464896, 7.88329616221218, 0.7925811431384642, 0.6074153671685876, 0.6142856077483807, -0.2996111022067767, 0.36935654353492775, 0.11906961497705197
2.51271995660797, 1.2586738384227174, 1.1608612189108918, 0.8950603727219255, 7.453957705364881, 0.9548260307246754, 0.7416547626027576, 0.6342897729808314, -0.16558679910182944, 1.629892411604675, 0.11221718901360873
2.3498756483228984, 0.7230581233872044, 1.2885687970921262, 1.1886010316750142, 7.702771104552209, 0.5485886459149443, 0.44635559956741755, 0.8837463403560404, -0.31542633292620864, 0.2561379958232108, 0.09949231607839465
2.3836540975439338, 2.312623636112967, 2.02208576439114, 0.8260318828085208, 9.728979913197449, 0.6583028010638511, 0.3460734485544482, 1.3139506318244882, -0.33467123195369985, 0.07428380045990018, 0.1269363400810107
2.3286507601872017, 1.7188162209373634, 1.975998393266572, 0.8134983308269832, 9.742183202819986, 0.8930072598352548, 0.415977545861259, 0.890051024896414, -0.41983429692500546, 0.1254558783219885, 0.1135370746582339
2.0837833568432753, 0.6610981717127719, 2.382545976041767, 0.7144721631340964, 7.468492511229746, 0.33307852962632223, 0.5131640393408754, 1.0240585738429766, -0.047935284244595366, 0.27730748075676903, 0.11677442076252191
2.358198662393929, 1.0367853521255552, 2.421136747173102, 0.9834426589510499, 8.371503025408247, 0.681970991776327, 0.7884414294148174, 0.3258959301039336, -0.058105583201296274, 0.8378383876878039, 0.10970013472498977
1.6211943841756815, 0.6835493484982798, 2.1157321436132177, 0.5874926421060753, 8.878393960157362, 0.31934901050797293, 0.7684039373556195, 1.3482315876074433, -0.473614042746593, 0.6756932988466314, 0.1937171434184711
2.680315745718289, 0.6932395869683168, 1.4421545834657206, 0.27856193712491323, 8.768887301123334, 0.7761142299377695, 0.5420118833715613, 1.373602967599491, -0.4266497103423276, 0.4073925063016416, 0.13876584405414177
1.5855981316789685, 2.1758159028355335, 2.597822565569773, 0.9123927498856526, 7.041921452546408, 0.753415926672027, 0.2690737392472627, 0.8598461929717043, -0.027356104073740495, 0.0461885475332563, 0.0917155237897532
2.5819179600877997, 0.9220602769815638, 0.7175614744611031, 0.2723692726566809, 8.302106148009019, 0.8681880145068657, 0.2950961184359024, 0.7720199620822625, -0.54022886858418, 0.10850218368442738, 0.07927129874937236
2.559131622076812, 0.8936732817431435, 2.840100411533274, 0.540699381756333, 8.987568776888377, 0.7920604146561736, 0.6530857170088039, 0.5174664344215449, -0.027134743794684918, 0.3590305850614698, 0.10806056815912597
2.2970931266001102, 0.5437832199288936, 2.6311315275607807, 0.2589059134544673, 8.975457745648885, 0.8528160081700669, 0.8203882413247667, 1.0493785895678267, -0.1931802998128731, 0.6886244347905175, 0.16178684426791734
2.2360872027475627, 2.1948800082630293, 1.0461941893143027, 0.7567901887295788, 10.18795369371406, 0.41561153129900863, 0.4677529851619378, 0.2725066589326512, -0.5658116618480479, 0.15207285427452397, 0.08645271193803637
1.1867106791817894, 1.6545981094965811, 2.099013366267623, 0.2856504347095507, 7.337946751847189, 0.8440893694794052, 0.6777337356455266, 0.8101468661434268, -0.3621133220945034, 0.6217108899068788, 0.1408139357494656
1.4305973346185157, 2.168162368290462, 0.5683182412481375, 0.3981268090404889, 8.053176014049125, 0.7066649969379247, 0.22963981777817818, 1.4655139584019554, -0.6111851309682437, 0.030430398506208777, 0.132368455575197
2.133522625263141, 1.2631059546734502, 1.6065949159657362, 0.973862726154673, 9.665100553575991, 0.7657720690706291, 0.46960359715872807, 1.0986122543530303, -0.5431823738490835, 0.16891201438362818, 0.1354093495408597
1.2986905605924288, 0.9935928768933526, 1.1826661595302805, 0.5763287455268535, 8.264456562430874, 0.5373893431130663, 0.280453467605336, 0.5395271959014558, -0.7334122502323314, 0.058997639774788835, 0.07757334712325246
2.1403799202531353, 1.0804979364423666, 1.0753064703094317, 0.9135469512375498, 8.8601313618401, 0.9861289089515062, 0.7807384203700081, 1.0530428612158527, -0.5304591934562664, 0.9296822080463176, 0.16382808868569554
2.284072647764532, 2.4365293401728563, 1.6713229260575484, 0.9317162310018329, 10.37515564756924, 0.37944497426836576, 0.24058477474759293, 0.9461578298958042, -0.4651877073060034, 0.022585317217337357, 0.09582873678693432
2.631194323749612, 0.9294626284948444, 1.5995114271731035, 0.7409947296528923, 10.296530928157395, 0.5627000290299975, 0.6813350574507331, 0.37865975540096225, -0.5322569395276819, 0.45389128488639285, 0.11929867669838132
2.3506581521779175, 1.9348642472122215, 0.5209396683779196, 0.4284354752657561, 8.173025377492985, 0.6503878001403993, 0.26186535596846083, 1.4473553976618736, -0.41204903193007786, 0.07896149526448298, 0.11507242640858749
1.3620378588819861, 1.5721855337684292, 2.740376370601341, 0.31873996977224295, 9.391825012651745, 0.887166609534205, 0.316031807443222, 0.8515779088926967, -0.4522476340219338, 0.04135306498062092, 0.11065061803237768
1.2543586587370412, 2.3514560463037943, 2.7450287749940054, 0.5245959823633708, 7.186837956509321, 0.44328856150302987, 0.29456381013987953, 0.9379136211360615, -0.13723766631773224, 0.04713751321613452, 0.10692327927819861
2.3268681965958287, 1.5650039338017547, 1.3676384265721908, 1.116578605806482, 8.438540826056649, 0.6969416627877164, 0.7083641447154272, 0.9002013603087093, -0.29563985158856076, 0.8711168910210219, 0.13871225159309689
1.4669843648733691, 1.8177305616302768, 1.2006794622252577, 0.9667465817459248, 9.9730860067301, 0.5510509572766015, 0.8397872629027046, 1.459856547446418, -0.675209594539237, 0.526645292109935, 0.23242351654976243
1.7287939390032743, 0.5195683383812465, 2.9934745424938605, 0.32681868167846745, 7.57902103814493, 0.422306485542381, 0.26611105640357596, 0.9494852516209811, 0.009873369563397997, 0.03317969031497816, 0.0939280607557157
1.087340806047818, 1.8088609351233287, 0.8218025116992519, 0.6789541081025414, 9.41229046221082, 0.8127011519591578, 0.41041674234240244, 1.4002368599234878, -0.808498445308899, 0.07293182963845779, 0.1677324596332619
1.5356151206349666, 0.7088856191150291, 1.9013508511079633, 1.155101276893629, 7.3210437107786905, 0.4048296304141543, 0.5538872594290394, 1.0275933664439143, -0.2814264983427667, 0.3965447159820621, 0.132666769691823
2.3432618958561977, 1.5294658028600208, 0.8842159974467153, 0.7163501545636575, 7.127932694050482, 0.43058825269856277, 0.3603155982739358, 0.23462626996609337, -0.2502178506694151, 0.29250305983596914, 0.04982826563340495
1.203474566071757, 1.3055690478079476, 1.6301085449505786, 0.30248651929858783, 10.435165776924045, 0.35653386435402, 0.42936966327319814, 1.1071833598053864, -0.7736660620218709, 0.08666266888624621, 0.15665851918503904
2.5631000702432485, 2.2757731636741205, 1.7164309208281818, 0.25824558064087616, 9.245326986764919, 0.6079296928735212, 0.8434049631102829, 0.6275695773112377, -0.20909379719147286, 1.2877515269054687, 0.14910091126992484
2.585868891845486, 1.471756008984712, 0.8713545241046373, 0.39421589977031524, 7.0865258683374375, 0.34064433121041915, 0.41383985632468506, 0.8063275795496312, -0.14531927247985632, 0.48826883934233184, 0.08716259537701262
1.7651090924831228, 1.4623016542108942, 2.721117609847178, 0.7334703688277714, 7.529153641037624, 0.730404205404576, 0.22764712056687772, 0.5243843480559189, -0.022331477248863616, 0.0320251729569797, 0.06258388361224206
1.2963162436766622, 0.7076604880396131, 2.4432479372318374, 0.7549102478093859, 7.893850835014274, 0.3324334992093408, 0.6331823132127921, 1.3332267716974575, -0.30435611912136257, 0.41423704772428627, 0.17423722847212048
1.207571302552458, 2.006998539225897, 2.7588720862561322, 0.7783186014013228, 10.398224603855269, 0.9127987438253562, 0.4997588163812862, 1.0577709062971055, -0.5441357062055656, 0.09122175323200792, 0.16537947466684272
1.7967979243661918, 1.2375380071787887, 1.0528824654752063, 0.4166623821802976, 8.745070160253729, 0.6367797628820825, 0.30699075498791584, 1.2793302019100943, -0.6820553078836855, 0.08066462152774342, 0.126289223539643
1.5954873609070737, 0.5830984512415557, 2.0339347390981923, 0.6545321754635265, 8.232019263677486, 0.4493635260195551, 0.706079639755502, 1.4505605201223233, -0.4349439119976962, 0.6243748841742698, 0.18463857712697063
1.2853310953201809, 1.957153226087028, 1.1501200283958357, 0.4094089288752951, 9.826540932636643, 0.9645644656914469, 0.8468036894645168, 0.3493208290178039, -0.7166717465029726, 0.5629989990985622, 0.15529712107920204
2.4345372236841083, 1.4886132446230214, 1.2411200822460535, 1.0108452394864655, 7.984617491791149, 0.9293901993471689, 0.4046605685311496, 1.4367994283139776, -0.29842566679693566, 0.2333967206571918, 0.12747739559155888
2.426065312779118, 2.030448438144661, 1.0020635067461399, 0.8850083160769318, 8.252053041608546, 0.8175803038824367, 0.42249076807933417, 0.8219055410738678, -0.3224930259581852, 0.23360877218838128, 0.09776952466010698
2.1706996311351103, 1.344263650460666, 2.8306858757636366, 1.1179815164797016, 9.84137707607902, 0.8893193776477253, 0.4247369043527266, 0.25423906834876303, -0.2534420921643371, 0.09190616738927358, 0.07700769866758492
2.720042557140912, 2.305134758784053, 1.706616156222464, 0.3183789348143543, 8.600773973240205, 0.7444215951715185, 0.37286781072942055, 0.2618433935429555, -0.10829290535257335, 0.1805550012778468, 0.060138157708424844
2.677039739506701, 1.2086892345739093, 2.9968928689261833, 0.2980882308225136, 9.298433462538581, 0.30098646133979784, 0.5362071909375292, 0.7330164891366886, 0.0028236919561951453, 0.2145962009385309, 0.10849841693045165
1.1108873447601852, 2.0712050483393307, 1.4065204618768807, 0.279829617821962, 8.550398901919062, 0.7670822101486972, 0.57198745635554, 1.1787749153942702, -0.649672402537052, 0.24344151116061938, 0.16827089840357076
1.6340273807750603, 2.254770850306827, 1.2251142259512608, 0.8750383319556392, 7.717663674844578, 0.5158995143455489, 0.2625467674594466, 1.3183760666615434, -0.4200875661382058, 0.04763705002246864, 0.12185224848421057
2.781713925066657, 2.1931482893793337, 2.9835552390765754, 0.446756629874555, 7.792404463699338, 0.5334376790667829, 0.40060842862589285, 0.7464732453887568, 0.3677380994211876, 0.16185717344014777, 0.08488782369226101
2.106614898807929, 0.5566904496864702, 0.5368132981344134, 0.8647120933642757, 10.498995513628298, 0.7692610912224062, 0.5556343274508735, 1.199160411167164, -0.8025268792935591, 0.18189803830157275, 0.15975193164529627
1.4951304458661523, 1.7890922348504887, 1.7029584584089927, 0.43444814937550946, 9.345366258102844, 0.5467666155984903, 0.7145525213281201, 0.8276547928515112, -0.5805067867608239, 0.4935700807283647, 0.16453986979297042
2.100693235454119, 2.1851448966670697, 2.4709084469370097, 0.4905279616010102, 9.377711552798258, 0.9831196797616608, 0.5042615448383603, 0.3588436842703329, -0.27416817620333606, 0.19623053485696462, 0.093585788791097
1.5577396401712038, 2.403160481092547, 2.549748843998276, 0.7428231415367941, 7.373161081248405, 0.6255799489500586, 0.4364096424470817, 0.41965683625337213, -0.10092670533122594, 0.15192332230467515, 0.0817742691836611
2.5680773832193604, 1.6025918434107307, 0.6221936204409558, 1.1611902113268988, 8.811564586926979, 0.5430561610846607, 0.2213387037585263, 0.7574157254237377, -0.46489743748817813, 0.03390154918314915, 0.07111731806871831
2.375559427150572, 0.7429765057135433, 0.7242772815675032, 0.6903828833183352, 8.284005431071101, 0.5971072617217206, 0.6881635404573514, 0.20077108501356541, -0.5412851878997939, 0.9123730029820641, 0.08916284545979579
1.9461567618310287, 0.772687199139986, 2.0385879721016518, 0.330116485319015, 9.954795462843824, 0.9779987143090283, 0.8314308736070661, 0.6225688968396784, -0.5581785003692439, 0.7290358070418014, 0.1618574967305176
2.622985720921967, 2.391382769083433, 0.6481736174828905, 1.0976617816378824, 9.14858126305399, 0.832587182117176, 0.682546966641555, 0.7283231252304789, -0.3479836061689439, 0.5585096896124355, 0.12524773273747997
2.4109812361207004, 2.354167840245931, 0.922973743739576, 0.7805470313321827, 9.034482752705665, 0.31283503952623065, 0.6796199566934775, 1.3466266854089803, -0.3641876007625545, 0.5877878318034414, 0.16460101763583027
1.0990536749862407, 2.124592748389999, 2.4106444942076024, 0.9099239621465169, 7.214106561631124, 0.7556822914090398, 0.21077020311543374, 1.2767466702636572, -0.30276826149663083, 0.020003541787412267, 0.12390716286099632
2.454237848782406, 2.0780709810795424, 2.2537123910376016, 0.4322239947363095, 7.080963504643578, 0.9415289427389311, 0.6389600310131471, 0.36994141924001234, 0.22685246065010176, 0.9469374596348428, 0.08594074207896484
1.2906825875480585, 2.4084628666361336, 1.5252230897622363, 1.1664831196792655, 9.185546802278088, 0.6475123100946223, 0.701970126819045, 1.1498407964248425, -0.5953413679531154, 0.2822878435117402, 0.18743539137678453
2.6648973771681534, 1.5993327142065232, 1.6038109172812243, 1.134405822315946, 8.575492351383508, 0.5563811582841436, 0.7448681537926334, 0.4715387901758806, -0.1546792500039682, 1.0606953983633265, 0.1148983320411935
1.276712836825628, 1.0109433791406506, 1.2761024247345927, 1.0425218903160967, 8.794703371189026, 0.9174309702592953, 0.7847153241051532, 1.4292240104146485, -0.649470403024593, 0.6386066091085838, 0.21057395348208957
2.2396871081555902, 1.3260275774236678, 1.697856509635778, 0.2863393949753715, 10.491292222956528, 0.359350089204658, 0.660995362530264, 0.5319098288371934, -0.5765347945126722, 0.4303031894153276, 0.1354574980016332
1.041352515043951, 2.4359863466192078, 2.360919841770828, 0.5601816983279415, 10.230454769959934, 0.3942659921694018, 0.20659616443699036, 0.43063960683622005, -0.6025674668812842, 0.009172168857133591, 0.07038485983386636
2.1583373308872003, 1.7576030304343686, 0.802075280952413, 0.7237637410068508, 9.761222203961932, 0.9409067316791551, 0.46676773828402834, 0.3917067422082611, -0.6530049138188774, 0.16908958617821934, 0.09078891956567531
2.146684406069555, 1.4052158137782569, 2.1794914147129916, 0.6259951743318234, 10.069918536347258, 0.30420013242928606, 0.8025190949873129, 0.5707141715493078, -0.4036323802319866, 0.7235236264385362, 0.15567299353073163
1.9026389055677955, 0.8235608565686401, 1.5503038578841044, 0.43727139709487556, 9.333970312183538, 0.410289248824413, 0.32085880459027605, 0.5435656203729575, -0.6583479470908697, 0.07172097036383322, 0.08142724963356159
1.7306655392533528, 2.0473853467605743, 2.400485605361017, 0.3110297870613228, 9.151550204005327, 0.4081932532604676, 0.5254143939828972, 1.059754234315724, -0.359677462492045, 0.22228158479263227, 0.1477467858413047
2.0051816535988234, 0.7569060749474631, 0.720416911490749, 0.8880180629314081, 9.967640971696689, 0.49213520890279294, 0.30955575069969876, 0.6923992602635275, -0.785088335265315, 0.045961116621859005, 0.09124527283100178
2.336160592936647, 2.0993148605230347, 1.2347829802230805, 0.7838535578356685, 7.457658121884095, 0.36133686285039507, 0.7570941152343973, 0.9188773673442223, -0.09262837206721264, 1.55624642273871, 0.1357555715644896
1.6862116295091778, 1.5569054351991598, 2.9746794016692926, 0.9111721800452616, 7.093969278963452, 0.785423929239258, 0.29065687977677446, 0.7140026224961236, 0.1496099319842711, 0.0511355089899915, 0.08186420107333106
2.1966833889166546, 1.4473842269609813, 0.6094156744484596, 1.0733591571593553, 9.85046955973232, 0.9951024843475254, 0.6568525692703098, 1.1154965393687561, -0.6464486828111989, 0.3799424120797507, 0.16031167787587036
2.7512358316394643, 2.1789607551991956, 0.8375660298503986, 0.46794458962437174, 9.927687277077753, 0.4523907639164312, 0.552626248691361, 0.44078398166657856, -0.4493754141311354, 0.34390073788317616, 0.10169975887991313
2.418462855729305, 1.8909210889561132, 0.7099817795248805, 0.8922431314959121, 7.145692283185896, 0.7516961241695784, 0.28174309549625803, 1.2030456265033889, -0.1925089482768083, 0.12815211653150263, 0.09813689695394714
1.3849574318887659, 2.3304277690058806, 0.807178660002349, 1.0310203728343197, 8.14196754962007, 0.5849167047199098, 0.24610188276376435, 0.5431373627800089, -0.5938517849142293, 0.02623226254358907, 0.07084251865351689
1.0367374054882235, 0.8599249680475674, 2.969068927459834, 0.9160367836909217, 8.460949407024335, 0.41787406250476106, 0.7935231818485093, 1.0370305086530314, -0.24715743967234016, 0.5005035642648037, 0.18897328264674396
2.061230958842363, 1.8587264410924782, 2.694902025572606, 0.5029904015953407, 10.159445938715807, 0.6589715237720728, 0.7227076854136003, 0.37117786387296525, -0.3069642005899405, 0.45044894110329375, 0.1346812269934162
1.9226703787745507, 1.4065033350914657, 0.5903500788499885, 0.9479920009249074, 8.490863503313827, 0.6955356009968136, 0.45534446157782693, 0.6083727365812321, -0.6209284726264631, 0.22118795332147437, 0.09606318079560879
1.7892134539847813, 0.9499581282651013, 1.6587049034891563, 0.25335783796479366, 7.942766054934618, 0.8238322829477303, 0.6544353099948811, 0.5619933778691062, -0.4524632531382723, 0.8050267705940926, 0.11418122868577484
2.3460964573257357, 1.2001306484572178, 2.5841528851339586, 0.6510100970972221, 9.842802750116995, 0.763499148542174, 0.8346249806925183, 0.3247690975720084, -0.25944649172897266, 0.739778423961678, 0.1360482767735084
1.6553848640036364, 2.2249027526731364, 0.7451721618814938, 1.1504315770149045, 7.294573115253859, 0.6593465522896866, 0.512218018157564, 0.666527581478213, -0.4020019735151973, 0.2687088512884459, 0.09951828615172417
1.672506962033788, 0.9749900127902582, 1.3966877868465595, 0.6250359126497278, 7.560727808621595, 0.6567276947677454, 0.28591235336079523, 1.2744215982968539, -0.5320584280861624, 0.09267504727058104, 0.12006461851342465
1.517579405954145, 0.7189729269414424, 2.3625337967909967, 0.4584603141045901, 9.803295782621335, 0.9574648786504181, 0.39739291770634133, 0.7974132659547635, -0.5990641576624541, 0.07745467595066022, 0.11726860174487229
2.099010730953652, 0.9042663811696814, 2.5644824606746313, 0.6578787618524895, 8.116217952442302, 0.5637562283352653, 0.6835957158798481, 0.988276741671049, -0.08069561685062333, 0.5438099699551472, 0.1395486652130785
1.4333517148632746, 1.7786662577595453, 1.9985166770982832, 1.1052196568144512, 9.982660250220897, 0.8610993532705795, 0.2113347207782666, 1.1590664556565367, -0.6100479694528632, 0.012759184334469495, 0.11811509639592259
2.159751012250645, 1.5217569038305914, 1.8911744784923632, 0.6266312437995536, 7.235095463785786, 0.7744323567438457, 0.6241807392638188, 1.1391167304912206, -0.06669544161869381, 0.8998688020593164, 0.1353748140897369
2.5142989417913473, 0.8774155129267112, 2.5950235137720226, 0.42143283728410985, 9.616079030256147, 0.9087396844016602, 0.7384021874802238, 0.2738717871118873, -0.23451837883661747, 0.5317056421937166, 0.11236426849514829
2.270105706617903, 0.8254573965735035, 2.093165271912918, 0.9707523246101946, 8.89241863527027, 0.9101418407818167, 0.5191164581312291, 1.161488964913579, -0.34453774565122464, 0.23839072980898005, 0.13476590213060263
1.4191804964320205, 1.371255585464227, 1.450731193843576, 0.5937882159742303, 7.005473178525396, 0.904576569141224, 0.7092001027638037, 0.7357730301943353, -0.4182014554447205, 1.0841084047209704, 0.12902653183380608
